StationID,Region,Year,Date,TempMax(°C),TempMin(°C),Precipitation(mm),WindSpeed(km/h),Humidity(%),AirPressure(hPa),SolarRadiation(kWh/m²),CO2(ppm),SatelliteImageryIndex,WeatherStationScore,SensorReliabilityIndex,Rainfall(mm)
STN001,North America,2005,2/5/2005,29.1,20.3,799.2,17.6,67.5,1020.6,1227.7,381,0.54,90.4,0.8,122.2
STN001,North America,2005,3/5/2005,43.1,20.5,582.8,15.7,46.6,992.3,1371,398.5,0.54,81,0.97,45.32
STN001,North America,2005,7/9/2005,30.8,10.3,327.1,17.8,48.8,999.4,1241.2,393.6,0.73,98.2,0.78,189.88
STN004,Africa,2005,1/9/2005,40,14.1,1063.2,12.1,55.5,1011.6,1806.9,393.2,0.59,83.2,0.97,155.56
STN002,Europe,2005,2/2/2005,43.5,14.6,840.9,8.9,72.7,1010.1,1640.3,384.6,0.55,83.7,0.97,159.63
STN001,North America,2005,1/9/2005,29.1,20.3,799.2,17.6,67.5,1020.6,1227.7,381,0.54,90.4,0.8,36.94
STN002,Europe,2005,2/5/2005,24.3,5.6,604.3,19.6,52.7,1012.2,1038,384.4,0.59,90.2,0.75,24.17
STN004,Africa,2005,2/2/2005,32.8,9.3,377.1,6.8,68.9,996.8,1137.3,389.5,0.93,92.8,0.76,15.32
STN004,Africa,2005,12/11/2005,35.4,22.5,1112.7,8.4,50.5,992.7,1605.5,386,0.98,94.3,0.7,11.83
STN003,Asia,2005,2/2/2005,27.1,7.5,625.8,12.8,44.8,997.4,1696.9,393.1,0.85,99.7,0.76,230.57
STN003,Asia,2005,1/3/2005,24.8,13.6,1008.1,17.9,74.4,1000.6,1021.1,411,0.6,88.2,0.95,193.19
STN002,Europe,2005,1/3/2005,42.6,19.7,1057.1,5.7,47,1009.2,1085.9,381.5,0.77,80.7,0.77,203.05
STN002,Europe,2005,12/3/2005,24.3,16,821.8,19.3,51.5,1025.8,1164.4,390.6,0.99,85.6,0.89,111.47
STN002,Europe,2005,9/2/2005,23.3,18.4,499.7,11.5,43.1,980.1,1376.7,389.2,0.75,97.9,0.73,113.8
STN001,North America,2005,11/2/2005,24.6,13,399.3,10.4,72.9,995.2,1952.5,400.8,0.65,90.5,0.91,99.14
STN001,North America,2005,2/2/2005,37.8,14.9,829.1,12.4,79.1,998.8,1992.4,389,0.89,93.4,0.78,230
STN002,Europe,2005,2/2/2005,36.9,17.5,1028.6,9.9,78.3,987.6,1821.5,399,0.95,86.8,0.77,43.77
STN003,Asia,2005,2/2/2005,32.3,22.8,759.6,9.9,57.2,993.4,1172.2,388.3,0.98,88.3,0.86,3.49
STN004,Africa,2005,12/1/2005,35.4,22.5,1112.7,8.4,50.5,992.7,1605.5,386,0.98,94.3,0.7,142.34
STN002,Europe,2005,12/1/2005,24.3,16,821.8,19.3,51.5,1025.8,1164.4,390.6,0.99,85.6,0.89,137.65
STN001,North America,2005,12/1/2005,42.8,17.4,1140.4,10.2,59.5,1020.4,2132.9,397.1,0.8,97.7,0.71,87.58
STN004,Africa,2005,4/12/2005,35.4,22.5,1112.7,8.4,50.5,992.7,1605.5,386,0.98,94.3,0.7,196.86
STN002,Europe,2005,4/12/2005,29.2,19.4,972.6,14.2,43.3,1029.7,2415.2,418.1,0.6,94.1,0.92,106.53
STN003,Asia,2005,4/12/2005,34.4,23.2,404,7.3,73.9,1021.9,2220.1,391.5,0.87,86.6,0.89,52.4
STN003,Asia,2005,6/11/2005,34.1,12.2,930.2,15.3,40.9,997.1,1080.8,413.1,0.91,89.9,0.73,132.82
STN002,Europe,2005,6/11/2005,20.7,24,255.3,9.4,46,1001.7,1656.2,391.5,0.52,81.5,0.77,108.91
STN001,North America,2005,6/11/2005,21.7,7.7,944.6,17.7,45,1020.3,1723.3,385.1,0.65,96.1,0.92,168.74
STN003,Asia,2005,10/4/2005,22.4,22.1,1058.1,15.9,71.4,983.9,1717.4,405.6,0.53,94.6,0.8,164.56
STN003,Asia,2005,8/4/2005,33.8,13.7,434.5,18.8,42.8,1014.6,1481,411.9,0.68,84.8,0.89,52.63
STN003,Asia,2005,8/6/2005,31.1,17,775.4,6,69.8,1018.3,1464.6,392.2,0.8,85.8,0.73,183.44
STN003,Asia,2005,2/7/2005,33.2,13.8,924.3,17.4,75.7,995.2,1208.5,394.9,0.59,95.4,0.89,227.32
STN001,North America,2005,10/4/2005,36,16.5,212.8,13.7,42.1,998.5,1631.5,403.4,0.77,80.1,0.7,11.94
STN004,Africa,2005,8/4/2005,38.1,11.5,399.5,19.4,57.2,1019.2,1874.7,414.3,0.72,90.8,0.93,60.56
STN003,Asia,2005,8/4/2005,32.9,19.6,360.3,12.8,70.7,1019.8,2253.3,403.8,0.51,82.4,0.9,145.19
STN002,Europe,2005,8/4/2005,28.9,19.8,506.1,15.8,71.9,1022.5,1811.7,404.4,0.91,89.8,0.85,225.38
STN002,Europe,2005,10/3/2005,34.2,20.2,1196.4,5.7,69.3,1008,1606,389,0.97,96.2,0.89,169.24
STN004,Africa,2005,10/3/2005,38.1,11.5,399.5,19.4,57.2,1019.2,1874.7,414.3,0.72,90.8,0.93,135.11
STN003,Asia,2005,10/3/2005,27.1,7.5,625.8,12.8,44.8,997.4,1696.9,393.1,0.85,99.7,0.76,155.53
STN004,Africa,2005,10/3/2005,32.3,5.8,892.9,13.6,41.7,1001.2,1788.5,388.5,0.66,99.4,0.95,235.7
STN004,Africa,2005,9/11/2005,32.3,5.8,892.9,13.6,41.7,1001.2,1788.5,388.5,0.66,99.4,0.95,49.56
STN001,North America,2005,3/6/2005,43.1,20.5,582.8,15.7,46.6,992.3,1371,398.5,0.54,81,0.97,82.52
STN003,Asia,2005,9/11/2005,25.5,11.1,896.4,19.8,56.7,995.1,2454.4,402.7,0.8,98.9,0.91,89.24
STN002,Europe,2005,6/3/2005,24.3,5.6,604.3,19.6,52.7,1012.2,1038,384.4,0.59,90.2,0.75,67.67
STN004,Africa,2005,5/6/2005,38.1,11.5,399.5,19.4,57.2,1019.2,1874.7,414.3,0.72,90.8,0.93,130.79
STN003,Asia,2005,5/6/2005,43.7,9.7,609.4,17.1,50.1,993.9,2192.8,387.9,0.52,87.3,0.89,56.9
STN003,Asia,2005,2/1/2005,33.2,13.8,924.3,17.4,75.7,995.2,1208.5,394.9,0.59,95.4,0.89,222.12
STN003,Asia,2005,6/10/2005,41.4,17.8,462.4,15.3,54,1005.7,1868.4,390.6,0.52,86.4,0.75,104.89
STN001,North America,2005,6/10/2005,21.7,7.7,944.6,17.7,45,1020.3,1723.3,385.1,0.65,96.1,0.92,240.03
STN004,Africa,2005,4/12/2005,34.6,10.9,224.2,14.7,50.6,1005.8,2341.4,396,0.9,90.1,0.82,27.4
STN001,North America,2006,4/12/2006,20.1,6.3,486.4,11.4,75.1,991.4,2206.1,403.6,0.56,96.1,0.89,96.04
STN002,Europe,2006,6/5/2006,20.2,12.5,1006,19.8,52,991.2,1875.2,386.7,0.98,92.5,0.89,105.58
STN002,Europe,2006,6/5/2006,24.3,5.6,604.3,19.6,52.7,1012.2,1038,384.4,0.59,90.2,0.75,105.44
STN004,Africa,2006,1/6/2006,32.8,9.3,377.1,6.8,68.9,996.8,1137.3,389.5,0.93,92.8,0.76,122.69
STN002,Europe,2006,1/6/2006,20.7,24,255.3,9.4,46,1001.7,1656.2,391.5,0.52,81.5,0.77,221.19
STN001,North America,2006,10/5/2006,36.5,24.7,354.4,13.2,47.5,991.9,1266.3,386.3,0.81,80.6,0.8,74.2
STN004,Africa,2006,3/1/2006,30.7,17.8,800.1,10.8,40.5,985.8,1991.6,397.5,0.96,86.5,0.77,107.08
STN002,Europe,2006,12/10/2006,26.8,9,707.8,7.4,69.6,995.1,1371.7,393.7,0.83,88.5,0.7,49.83
STN002,Europe,2006,3/1/2006,20.2,12.5,1006,19.8,52,991.2,1875.2,386.7,0.98,92.5,0.89,25.27
STN003,Asia,2006,12/10/2006,32.9,19.6,360.3,12.8,70.7,1019.8,2253.3,403.8,0.51,82.4,0.9,43.12
STN002,Europe,2006,3/1/2006,44.6,17.7,761.2,10.1,52.7,1008.2,1735.2,388.2,0.57,92.7,0.73,116.04
STN004,Africa,2006,12/1/2006,32.2,6.4,881.8,19.6,56.4,1007.3,1963.2,406.6,0.95,82.2,0.97,164.89
STN002,Europe,2006,12/1/2006,44.6,17.7,761.2,10.1,52.7,1008.2,1735.2,388.2,0.57,92.7,0.73,242.03
STN003,Asia,2006,12/1/2006,21.4,18.9,828.5,10,52.4,993,2058.6,408,0.89,98.2,0.94,231.17
STN004,Africa,2006,12/10/2006,34.8,14,363.3,10.8,74.4,1015.3,1468.1,411,0.56,94.6,0.75,228.03
STN003,Asia,2006,3/1/2006,20.6,14,363.2,7.8,73.5,995.1,1406.1,402,0.57,92.2,0.99,94.4
STN002,Europe,2006,12/10/2006,44.6,17.7,761.2,10.1,52.7,1008.2,1735.2,388.2,0.57,92.7,0.73,204.12
STN002,Europe,2006,3/1/2006,23.3,18.4,499.7,11.5,43.1,980.1,1376.7,389.2,0.75,97.9,0.73,141.05
STN003,Asia,2006,12/10/2006,33.8,13.7,434.5,18.8,42.8,1014.6,1481,411.9,0.68,84.8,0.89,91.71
STN003,Asia,2006,7/5/2006,23.3,6.8,865,7,63.1,992.1,1686.1,397.5,0.65,86.3,0.98,164.42
STN001,North America,2006,3/1/2006,21.7,7.7,944.6,17.7,45,1020.3,1723.3,385.1,0.65,96.1,0.92,0.68
STN003,Asia,2006,7/5/2006,32.3,22.8,759.6,9.9,57.2,993.4,1172.2,388.3,0.98,88.3,0.86,143.88
STN001,North America,2006,7/5/2006,28.7,20.9,277.3,6.1,49.9,1004.6,2002.6,407.2,0.92,95.2,0.85,31.6
STN004,Africa,2006,7/5/2006,32.3,5.8,892.9,13.6,41.7,1001.2,1788.5,388.5,0.66,99.4,0.95,86.66
STN002,Europe,2006,7/5/2006,20.2,12.5,1006,19.8,52,991.2,1875.2,386.7,0.98,92.5,0.89,122.77
STN004,Africa,2006,6/10/2006,38.1,11.5,399.5,19.4,57.2,1019.2,1874.7,414.3,0.72,90.8,0.93,6.67
STN001,North America,2006,6/10/2006,34.5,20,334,12.6,43.3,1000.6,2307.1,392.2,0.5,82.9,0.87,218.91
STN001,North America,2006,6/4/2006,30.9,22.9,479.1,13.5,58.8,1001,1347.9,399.5,0.63,84.6,0.88,178.82
STN002,Europe,2006,6/10/2006,44.5,18.7,868.2,9.5,44.8,1007.7,1848.4,419.8,0.64,85,0.87,12.96
STN004,Africa,2006,12/7/2006,37,24,294.9,12.4,62.6,980.9,2158.9,395.2,0.86,84.8,0.92,117.86
STN002,Europe,2006,4/4/2006,44.5,18.7,868.2,9.5,44.8,1007.7,1848.4,419.8,0.64,85,0.87,121.82
STN002,Europe,2006,6/10/2006,30.5,22.1,912.7,18.1,53.5,998.1,1032.2,383.7,0.54,95.2,0.71,162.17
STN001,North America,2006,10/5/2006,43.1,20.5,582.8,15.7,46.6,992.3,1371,398.5,0.54,81,0.97,238.64
STN001,North America,2006,NA,42.8,17.4,1140.4,10.2,59.5,1020.4,2132.9,397.1,0.8,97.7,0.71,236.38
STN003,Asia,2006,10/5/2006,41.4,17.8,462.4,15.3,54,1005.7,1868.4,390.6,0.52,86.4,0.75,137.6
STN002,Europe,2006,9/10/2006,42.6,19.7,1057.1,5.7,47,1009.2,1085.9,381.5,0.77,80.7,0.77,205.38
STN002,Europe,2006,1/3/2006,44.6,17.7,761.2,10.1,52.7,1008.2,1735.2,388.2,0.57,92.7,0.73,5.56
STN003,Asia,2006,10/5/2006,21.4,18.9,828.5,10,52.4,993,2058.6,408,0.89,98.2,0.94,33.83
STN004,Africa,2006,9/10/2006,32.3,5.8,892.9,13.6,41.7,1001.2,1788.5,388.5,0.66,99.4,0.95,18.97
STN004,Africa,2006,12/5/2006,44.5,18.3,800.8,19.9,56.2,988.2,2429,407.2,0.89,84.4,0.91,216.92
STN001,North America,2006,9/10/2006,24.6,13,399.3,10.4,72.9,995.2,1952.5,400.8,0.65,90.5,0.91,130.6
STN003,Asia,2006,4/9/2006,33.2,13.8,924.3,17.4,75.7,995.2,1208.5,394.9,0.59,95.4,0.89,136.96
STN001,North America,2006,2/12/2006,34.5,20,334,12.6,43.3,1000.6,2307.1,392.2,0.5,82.9,0.87,92.85
STN003,Asia,2006,2/12/2006,31.1,17,775.4,6,69.8,1018.3,1464.6,392.2,0.8,85.8,0.73,19.77
STN003,Asia,2006,2/10/2006,33.8,13.7,434.5,18.8,42.8,1014.6,1481,411.9,0.68,84.8,0.89,48.96
STN001,North America,2006,3/7/2006,36,16.5,212.8,13.7,42.1,998.5,1631.5,403.4,0.77,80.1,0.7,55.87
STN003,Asia,2006,9/8/2006,25.5,11.1,896.4,19.8,56.7,995.1,2454.4,402.7,0.8,98.9,0.91,35.49
STN004,Africa,2006,9/8/2006,20.7,14.2,815.4,6.8,43.5,981.9,2019.3,390,0.68,90.2,0.96,212.26
STN004,Africa,2007,11/4/2007,44.5,18.3,800.8,19.9,56.2,988.2,2429,407.2,0.89,84.4,0.91,73.43
STN004,Africa,2007,2/12/2006,30.5,5.1,436.5,11.3,75.7,1019.4,1693.8,397.3,0.65,82.2,0.74,175.57
STN001,North America,2007,8/8/2007,42.1,15.5,616.4,14.4,66.9,990.5,1764.8,416.1,0.58,86.2,0.73,55.63
STN002,Europe,2007,8/8/2007,28.9,19.8,506.1,15.8,71.9,1022.5,1811.7,404.4,0.91,89.8,0.85,188.55
STN002,Europe,2007,5/4/2007,23.3,18.4,499.7,11.5,43.1,980.1,1376.7,389.2,0.75,97.9,0.73,116.11
STN003,Asia,2007,8/8/2007,40,18.4,588.3,13.5,60.1,1021.6,1347.1,419.1,0.72,80.5,0.98,22
STN004,Africa,2007,4/9/2007,39.4,5.4,302.7,6.2,65,1028.5,2327.8,405.8,0.8,81.3,0.86,45.67
STN002,Europe,2007,4/9/2007,43.5,14.6,840.9,8.9,72.7,1010.1,1640.3,384.6,0.55,83.7,0.97,161.92
STN002,Europe,2007,2/9/2007,34.2,20.2,1196.4,5.7,69.3,1008,1606,389,0.97,96.2,0.89,70.71
STN001,North America,2007,1/12/2007,22.7,21,570.4,19.8,40.4,992.5,1743.6,402.3,0.97,82.4,0.9,248.7
STN003,Asia,2007,4/9/2007,43.7,9.7,609.4,17.1,50.1,993.9,2192.8,387.9,0.52,87.3,0.89,246.26
STN001,North America,2007,4/9/2007,24.6,13,399.3,10.4,72.9,995.2,1952.5,400.8,0.65,90.5,0.91,94.06
STN002,Europe,2007,4/9/2007,28.9,19.8,506.1,15.8,71.9,1022.5,1811.7,404.4,0.91,89.8,0.85,225.36
STN004,Africa,2007,8/9/2007,32.9,16.1,545.1,12,46.2,992.3,1531.3,414.2,0.6,84.8,0.85,125.21
STN003,Asia,2007,9/1/2007,32.3,22.8,759.6,9.9,57.2,993.4,1172.2,388.3,0.98,88.3,0.86,197.79
STN003,Asia,2007,8/4/2007,43.7,9.7,609.4,17.1,50.1,993.9,2192.8,387.9,0.52,87.3,0.89,69.1
STN004,Africa,2007,10/11/2007,32.2,6.4,881.8,19.6,56.4,1007.3,1963.2,406.6,0.95,82.2,0.97,40.59
STN001,North America,2007,11/5/2007,22.7,21,570.4,19.8,40.4,992.5,1743.6,402.3,0.97,82.4,0.9,74.94
STN004,Africa,2007,11/5/2007,32.3,5.8,892.9,13.6,41.7,1001.2,1788.5,388.5,0.66,99.4,0.95,204.96
STN002,Europe,2007,11/5/2007,28.4,16.3,693.7,20,50.7,1019.2,2134,415.2,0.58,86.5,0.95,51.92
STN004,Africa,2007,2/12/2007,44.6,16.4,380.7,8.3,72.2,1004.3,1015.5,413.5,0.68,86,0.81,78.81
STN004,Africa,2007,11/5/2007,34.8,14,363.3,10.8,74.4,1015.3,1468.1,411,0.56,94.6,0.75,84.2
STN001,North America,2007,10/10/2007,43.1,20.5,582.8,15.7,46.6,992.3,1371,398.5,0.54,81,0.97,83.18
STN001,North America,2007,8/8/2007,20.1,6.3,486.4,11.4,75.1,991.4,2206.1,403.6,0.56,96.1,0.89,95.97
STN001,North America,2007,2/2/2007,36.5,24.7,354.4,13.2,47.5,991.9,1266.3,386.3,0.81,80.6,0.8,64.45
STN001,North America,2007,8/8/2007,24.6,13,399.3,10.4,72.9,995.2,1952.5,400.8,0.65,90.5,0.91,168.72
STN003,Asia,2007,7/3/2007,32.3,22.8,759.6,9.9,57.2,993.4,1172.2,388.3,0.98,88.3,0.86,85.34
STN001,North America,2007,1/10/2007,42.8,17.4,1140.4,10.2,59.5,1020.4,2132.9,397.1,0.8,97.7,0.71,249.57
STN004,Africa,2007,8/8/2007,39.1,16,1157,5.1,42.6,991.5,1503.3,393.1,0.76,95.1,0.87,68.58
STN001,North America,2007,10/10/2007,42.8,17.4,1140.4,10.2,59.5,1020.4,2132.9,397.1,0.8,97.7,0.71,7.08
STN004,Africa,2007,7/12/2007,38.1,11.5,399.5,19.4,57.2,1019.2,1874.7,414.3,0.72,90.8,0.93,155.81
STN003,Asia,2007,10/10/2007,23.6,11.2,749.7,16.4,53.1,984.7,1950.4,384,0.84,97.9,0.97,106.2
STN002,Europe,2007,10/10/2007,30.5,22.1,912.7,18.1,53.5,998.1,1032.2,383.7,0.54,95.2,0.71,147.51
STN004,Africa,2007,8/12/2007,30.3,15,563,16.5,45.7,989.8,1507.8,418.2,0.59,89.9,0.75,167.68
STN001,North America,2007,1/9/2007,33.9,16.5,207.4,8.5,74.8,987,1580.5,397.4,0.53,98.6,0.97,62.16
STN001,North America,2007,8/12/2007,20.7,6.5,764.5,13.9,75,1028.6,1963.7,391.6,0.64,85.7,0.78,4.48
STN004,Africa,2007,1/9/2007,39.4,5.4,302.7,6.2,65,1028.5,2327.8,405.8,0.8,81.3,0.86,9.93
STN003,Asia,2007,8/12/2007,20.6,14,363.2,7.8,73.5,995.1,1406.1,402,0.57,92.2,0.99,25.57
STN004,Africa,2007,9/9/2007,34.6,10.9,224.2,14.7,50.6,1005.8,2341.4,396,0.9,90.1,0.82,57.14
STN001,North America,2007,9/3/2007,20.1,6.3,486.4,11.4,75.1,991.4,2206.1,403.6,0.56,96.1,0.89,201.49
STN002,Europe,2007,10/4/2007,39.5,6.5,291.3,11.2,79.9,986.3,1419.7,386.1,0.76,88.6,0.82,39.19
STN002,Europe,2007,1/7/2007,36.9,17.5,1028.6,9.9,78.3,987.6,1821.5,399,0.95,86.8,0.77,3.78
STN003,Asia,2007,12/1/2007,31.1,17,775.4,6,69.8,1018.3,1464.6,392.2,0.8,85.8,0.73,72.94
STN003,Asia,2007,7/10/2007,24.7,11.1,958.8,18.3,47.8,1007.8,1031.1,382.3,0.98,92.7,0.8,124.35
STN002,Europe,2007,7/10/2007,40.1,21.9,241.6,9.5,53,996.6,2212.3,387.3,0.85,89.4,0.88,160.55
STN003,Asia,2007,4/12/2007,31.1,17,775.4,6,69.8,1018.3,1464.6,392.2,0.8,85.8,0.73,99.83
STN002,Europe,2007,12/1/2007,44.5,18.7,868.2,9.5,44.8,1007.7,1848.4,419.8,0.64,85,0.87,37.84
STN003,Asia,2007,6/12/2007,41.4,17.8,462.4,15.3,54,1005.7,1868.4,390.6,0.52,86.4,0.75,175.17
STN003,Asia,2007,12/1/2007,33.8,13.7,434.5,18.8,42.8,1014.6,1481,411.9,0.68,84.8,0.89,125.63
STN002,Europe,2007,12/1/2007,30.5,22.1,912.7,18.1,53.5,998.1,1032.2,383.7,0.54,95.2,0.71,151.48
STN004,Africa,2007,8/4/2007,34.6,10.9,224.2,14.7,50.6,1005.8,2341.4,396,0.9,90.1,0.82,183.54
STN002,Europe,2008,8/4/2007,36.9,17.5,1028.6,9.9,78.3,987.6,1821.5,399,0.95,86.8,0.77,57.37
STN002,Europe,2008,10/3/2008,41.8,20.9,277,10.5,61.1,988.3,1296.4,403.1,0.89,85,0.9,51.04
STN001,North America,2008,4/3/2008,43.1,20.5,582.8,15.7,46.6,992.3,1371,398.5,0.54,81,0.97,207.33
STN003,Asia,2008,10/3/2008,20.6,14,363.2,7.8,73.5,995.1,1406.1,402,0.57,92.2,0.99,187.57
STN001,North America,2008,4/3/2008,42.1,15.5,616.4,14.4,66.9,990.5,1764.8,416.1,0.58,86.2,0.73,192.14
STN003,Asia,2008,10/3/2008,34.4,23.2,404,7.3,73.9,1021.9,2220.1,391.5,0.87,86.6,0.89,20.48
STN003,Asia,2008,4/3/2008,31.1,17,775.4,6,69.8,1018.3,1464.6,392.2,0.8,85.8,0.73,137.34
STN001,North America,2008,10/3/2008,20.7,6.5,764.5,13.9,75,1028.6,1963.7,391.6,0.64,85.7,0.78,56.96
STN003,Asia,2008,4/3/2008,32.3,22.8,759.6,9.9,57.2,993.4,1172.2,388.3,0.98,88.3,0.86,203.8
STN001,North America,2008,5/4/2008,30.8,10.3,327.1,17.8,48.8,999.4,1241.2,393.6,0.73,98.2,0.78,28.95
STN004,Africa,2008,2/3/2008,30.5,5.1,436.5,11.3,75.7,1019.4,1693.8,397.3,0.65,82.2,0.74,230.48
STN003,Asia,2008,5/8/2008,24.8,13.6,1008.1,17.9,74.4,1000.6,1021.1,411,0.6,88.2,0.95,2.21
STN001,North America,2008,4/3/2008,20.7,6.5,764.5,13.9,75,1028.6,1963.7,391.6,0.64,85.7,0.78,100.03
STN004,Africa,2008,5/8/2008,39.4,5.4,302.7,6.2,65,1028.5,2327.8,405.8,0.8,81.3,0.86,5.67
STN004,Africa,2008,5/8/2008,30.1,16.2,1174.8,10.5,47.3,1019.9,1272.3,405.5,0.9,97.4,0.8,149.19
STN002,Europe,2008,10/6/2008,43.5,14.6,840.9,8.9,72.7,1010.1,1640.3,384.6,0.55,83.7,0.97,204.48
STN002,Europe,2008,10/6/2008,30.5,22.1,912.7,18.1,53.5,998.1,1032.2,383.7,0.54,95.2,0.71,55.94
STN002,Europe,2008,12/1/2008,41.8,20.9,277,10.5,61.1,988.3,1296.4,403.1,0.89,85,0.9,20.43
STN002,Europe,2008,12/1/2008,20.2,12.5,1006,19.8,52,991.2,1875.2,386.7,0.98,92.5,0.89,35.66
STN001,North America,2008,10/6/2008,42.1,15.5,616.4,14.4,66.9,990.5,1764.8,416.1,0.58,86.2,0.73,222.78
STN001,North America,2008,2/3/2008,38.2,24.9,855.2,10.3,75.1,1000,1616.4,392.3,0.69,97.3,0.81,147.61
STN003,Asia,2008,3/8/2008,43.7,9.7,609.4,17.1,50.1,993.9,2192.8,387.9,0.52,87.3,0.89,243.53
STN004,Africa,2008,3/8/2008,38.1,11.5,399.5,19.4,57.2,1019.2,1874.7,414.3,0.72,90.8,0.93,69.86
STN002,Europe,2008,10/11/2008,34.2,20.2,1196.4,5.7,69.3,1008,1606,389,0.97,96.2,0.89,151.08
STN004,Africa,2008,6/12/2008,34.6,10.9,224.2,14.7,50.6,1005.8,2341.4,396,0.9,90.1,0.82,89
STN004,Africa,2008,5/3/2008,32.8,9.3,377.1,6.8,68.9,996.8,1137.3,389.5,0.93,92.8,0.76,172.69
STN004,Africa,2008,5/3/2008,34.3,6.3,707.8,16.7,68.6,1004.4,1522.9,397.5,0.76,97.2,0.9,207.08
STN003,Asia,2008,5/3/2008,23.3,6.8,865,7,63.1,992.1,1686.1,397.5,0.65,86.3,0.98,142.85
STN003,Asia,2008,5/3/2008,20.6,14,363.2,7.8,73.5,995.1,1406.1,402,0.57,92.2,0.99,70.65
STN003,Asia,2008,5/3/2008,24.8,13.6,1008.1,17.9,74.4,1000.6,1021.1,411,0.6,88.2,0.95,95.47
STN004,Africa,2008,5/3/2008,39.1,16,1157,5.1,42.6,991.5,1503.3,393.1,0.76,95.1,0.87,67.37
STN004,Africa,2008,5/3/2008,30.7,17.8,800.1,10.8,40.5,985.8,1991.6,397.5,0.96,86.5,0.77,107.1
STN001,North America,2008,5/3/2008,20.1,6.3,486.4,11.4,75.1,991.4,2206.1,403.6,0.56,96.1,0.89,96.38
STN001,North America,2008,5/3/2008,38.2,24.9,855.2,10.3,75.1,1000,1616.4,392.3,0.69,97.3,0.81,192.91
STN002,Europe,2008,5/3/2008,41.8,20.9,277,10.5,61.1,988.3,1296.4,403.1,0.89,85,0.9,147.67
STN001,North America,2008,5/3/2008,34.5,20,334,12.6,43.3,1000.6,2307.1,392.2,0.5,82.9,0.87,206.28
STN002,Europe,2008,4/6/2008,24.3,5.6,604.3,19.6,52.7,1012.2,1038,384.4,0.59,90.2,0.75,242.95
STN001,North America,2008,4/6/2008,30.9,22.9,479.1,13.5,58.8,1001,1347.9,399.5,0.63,84.6,0.88,211.47
STN003,Asia,2008,7/8/2008,27.1,7.5,625.8,12.8,44.8,997.4,1696.9,393.1,0.85,99.7,0.76,178.54
STN003,Asia,2008,4/6/2008,20.6,14,363.2,7.8,73.5,995.1,1406.1,402,0.57,92.2,0.99,110.94
STN002,Europe,2008,4/6/2008,23,12.2,711,17.7,70.2,1018.5,2240,418.6,0.61,91.2,0.77,45.53
STN001,North America,2008,4/6/2008,42.8,17.4,1140.4,10.2,59.5,1020.4,2132.9,397.1,0.8,97.7,0.71,97.15
STN002,Europe,2008,5/7/2008,26.8,9,707.8,7.4,69.6,995.1,1371.7,393.7,0.83,88.5,0.7,223.32
STN004,Africa,2008,8/6/2008,40,14.1,1063.2,12.1,55.5,1011.6,1806.9,393.2,0.59,83.2,0.97,62.71
STN001,North America,2008,1/5/2008,37.8,14.9,829.1,12.4,79.1,998.8,1992.4,389,0.89,93.4,0.78,84.7
STN004,Africa,2008,11/9/2008,37,24,294.9,12.4,62.6,980.9,2158.9,395.2,0.86,84.8,0.92,90.98
STN003,Asia,2008,8/8/2008,27.1,7.5,625.8,12.8,44.8,997.4,1696.9,393.1,0.85,99.7,0.76,120.4
STN003,Asia,2008,8/6/2008,32.3,22.8,759.6,9.9,57.2,993.4,1172.2,388.3,0.98,88.3,0.86,219.89
STN002,Europe,2008,8/6/2008,26.8,9,707.8,7.4,69.6,995.1,1371.7,393.7,0.83,88.5,0.7,202.1
STN003,Asia,2008,11/3/2008,32.9,19.6,360.3,12.8,70.7,1019.8,2253.3,403.8,0.51,82.4,0.9,2.49
STN003,Asia,2009,11/3/2009,43.7,9.7,609.4,17.1,50.1,993.9,2192.8,387.9,0.52,87.3,0.89,63.55
STN003,Asia,2009,8/2/2009,25.5,11.1,896.4,19.8,56.7,995.1,2454.4,402.7,0.8,98.9,0.91,2.82
STN001,North America,2009,11/3/2009,20.7,6.5,764.5,13.9,75,1028.6,1963.7,391.6,0.64,85.7,0.78,57.4
STN003,Asia,2009,7/1/2009,23.6,11.2,749.7,16.4,53.1,984.7,1950.4,384,0.84,97.9,0.97,57.17
STN003,Asia,2009,5/1/2009,41.4,17.8,462.4,15.3,54,1005.7,1868.4,390.6,0.52,86.4,0.75,46.97
STN004,Africa,2009,11/2/2009,44.6,16.4,380.7,8.3,72.2,1004.3,1015.5,413.5,0.68,86,0.81,6.13
STN002,Europe,2009,5/1/2009,29.2,19.4,972.6,14.2,43.3,1029.7,2415.2,418.1,0.6,94.1,0.92,221.07
STN001,North America,2009,5/1/2009,38,19.8,456.7,17.5,64.3,1023.1,1241.7,400.5,0.69,99.2,0.9,142.73
STN002,Europe,2009,8/3/2009,23.3,18.4,499.7,11.5,43.1,980.1,1376.7,389.2,0.75,97.9,0.73,90.9
STN003,Asia,2009,8/11/2009,32.3,22.8,759.6,9.9,57.2,993.4,1172.2,388.3,0.98,88.3,0.86,227.66
STN001,North America,2009,5/10/2009,28.7,20.9,277.3,6.1,49.9,1004.6,2002.6,407.2,0.92,95.2,0.85,145.46
STN003,Asia,2009,12/2/2009,27.1,7.5,625.8,12.8,44.8,997.4,1696.9,393.1,0.85,99.7,0.76,221.33
STN002,Europe,2009,6/9/2009,44.5,18.7,868.2,9.5,44.8,1007.7,1848.4,419.8,0.64,85,0.87,125.75
STN003,Asia,2009,8/3/2009,24.8,13.6,1008.1,17.9,74.4,1000.6,1021.1,411,0.6,88.2,0.95,154.91
STN002,Europe,2009,5/3/2009,36.9,17.5,1028.6,9.9,78.3,987.6,1821.5,399,0.95,86.8,0.77,84.26
STN003,Asia,2009,8/3/2009,27.1,7.5,625.8,12.8,44.8,997.4,1696.9,393.1,0.85,99.7,0.76,223.97
STN002,Europe,2009,8/8/2009,36.9,17.5,1028.6,9.9,78.3,987.6,1821.5,399,0.95,86.8,0.77,74.27
STN001,North America,2009,8/12/2009,28.7,20.9,277.3,6.1,49.9,1004.6,2002.6,407.2,0.92,95.2,0.85,129.45
STN004,Africa,2009,8/8/2009,32.9,16.1,545.1,12,46.2,992.3,1531.3,414.2,0.6,84.8,0.85,9.23
STN001,North America,2009,12/5/2009,42.1,15.5,616.4,14.4,66.9,990.5,1764.8,416.1,0.58,86.2,0.73,156.22
STN003,Asia,2009,8/12/2009,24.8,13.6,1008.1,17.9,74.4,1000.6,1021.1,411,0.6,88.2,0.95,99.15
STN001,North America,2009,8/8/2009,33.9,16.5,207.4,8.5,74.8,987,1580.5,397.4,0.53,98.6,0.97,138.33
STN004,Africa,2009,8/8/2009,30.1,16.2,1174.8,10.5,47.3,1019.9,1272.3,405.5,0.9,97.4,0.8,58.42
STN002,Europe,2009,5/7/2009,41.8,20.9,277,10.5,61.1,988.3,1296.4,403.1,0.89,85,0.9,137.21
STN004,Africa,2009,8/8/2009,34.6,10.9,224.2,14.7,50.6,1005.8,2341.4,396,0.9,90.1,0.82,20.88
STN003,Asia,2009,8/12/2009,23.6,11.2,749.7,16.4,53.1,984.7,1950.4,384,0.84,97.9,0.97,73.87
STN001,North America,2009,8/12/2009,36,16.5,212.8,13.7,42.1,998.5,1631.5,403.4,0.77,80.1,0.7,139.58
STN003,Asia,2009,12/5/2009,24.7,11.1,958.8,18.3,47.8,1007.8,1031.1,382.3,0.98,92.7,0.8,222.45
STN003,Asia,2009,12/5/2009,31.1,17,775.4,6,69.8,1018.3,1464.6,392.2,0.8,85.8,0.73,67.98
STN001,North America,2009,4/1/2009,24.6,13,399.3,10.4,72.9,995.2,1952.5,400.8,0.65,90.5,0.91,245.22
STN003,Asia,2009,3/2/2009,40,18.4,588.3,13.5,60.1,1021.6,1347.1,419.1,0.72,80.5,0.98,131.84
STN003,Asia,2009,12/11/2009,25.5,11.1,896.4,19.8,56.7,995.1,2454.4,402.7,0.8,98.9,0.91,64.74
STN004,Africa,2009,3/2/2009,30.7,17.8,800.1,10.8,40.5,985.8,1991.6,397.5,0.96,86.5,0.77,245.63
STN002,Europe,2009,3/2/2009,36.9,17.5,1028.6,9.9,78.3,987.6,1821.5,399,0.95,86.8,0.77,236.46
STN001,North America,2009,3/2/2009,36,16.5,212.8,13.7,42.1,998.5,1631.5,403.4,0.77,80.1,0.7,27.27
STN003,Asia,2009,3/7/2009,25.5,11.1,896.4,19.8,56.7,995.1,2454.4,402.7,0.8,98.9,0.91,248.68
STN004,Africa,2009,3/7/2009,32.3,5.8,892.9,13.6,41.7,1001.2,1788.5,388.5,0.66,99.4,0.95,68.26
STN001,North America,2009,3/7/2009,30.8,10.3,327.1,17.8,48.8,999.4,1241.2,393.6,0.73,98.2,0.78,133.7
STN003,Asia,2009,9/12/2009,23.6,11.2,749.7,16.4,53.1,984.7,1950.4,384,0.84,97.9,0.97,26.43
STN004,Africa,2009,3/12/2009,30.1,16.2,1174.8,10.5,47.3,1019.9,1272.3,405.5,0.9,97.4,0.8,170.44
STN002,Europe,2009,7/7/2009,20.7,24,255.3,9.4,46,1001.7,1656.2,391.5,0.52,81.5,0.77,81.75
STN001,North America,2009,3/7/2009,30.8,10.3,327.1,17.8,48.8,999.4,1241.2,393.6,0.73,98.2,0.78,63.83
STN003,Asia,2009,12/8/2009,32.9,19.6,360.3,12.8,70.7,1019.8,2253.3,403.8,0.51,82.4,0.9,178.83
STN003,Asia,2009,1/3/2009,32.3,22.8,759.6,9.9,57.2,993.4,1172.2,388.3,0.98,88.3,0.86,33.86
STN003,Asia,2009,1/3/2009,25.5,11.1,896.4,19.8,56.7,995.1,2454.4,402.7,0.8,98.9,0.91,56.68
STN002,Europe,2009,2/1/2009,29.2,19.4,972.6,14.2,43.3,1029.7,2415.2,418.1,0.6,94.1,0.92,234.66
STN002,Europe,2009,1/3/2009,40.1,21.9,241.6,9.5,53,996.6,2212.3,387.3,0.85,89.4,0.88,159.92
STN001,North America,2009,6/4/2010,36.5,24.7,354.4,13.2,47.5,991.9,1266.3,386.3,0.81,80.6,0.8,5.19
STN002,Europe,2009,6/4/2010,44.6,17.7,761.2,10.1,52.7,1008.2,1735.2,388.2,0.57,92.7,0.73,182.17
STN001,North America,2009,7/4/2009,37.8,14.9,829.1,12.4,79.1,998.8,1992.4,389,0.89,93.4,0.78,216.9
STN003,Asia,2009,8/4/2009,32.4,14.9,1023.5,18.8,77.7,998.3,2369.7,391.4,0.66,96.4,0.73,114.88
STN004,Africa,2010,6/4/2010,40,14.1,1063.2,12.1,55.5,1011.6,1806.9,393.2,0.59,83.2,0.97,165.54
STN004,Africa,2010,6/4/2010,34.3,6.3,707.8,16.7,68.6,1004.4,1522.9,397.5,0.76,97.2,0.9,55.7
STN002,Europe,2010,7/2/2010,20.7,24,255.3,9.4,46,1001.7,1656.2,391.5,0.52,81.5,0.77,126.68
STN001,North America,2010,1/1/2010,36.5,24.7,354.4,13.2,47.5,991.9,1266.3,386.3,0.81,80.6,0.8,39.74
STN003,Asia,2010,7/2/2010,33.8,13.7,434.5,18.8,42.8,1014.6,1481,411.9,0.68,84.8,0.89,126.64
STN004,Africa,2010,3/4/2010,30.7,17.8,800.1,10.8,40.5,985.8,1991.6,397.5,0.96,86.5,0.77,119.59
STN001,North America,2010,3/4/2010,43.1,20.5,582.8,15.7,46.6,992.3,1371,398.5,0.54,81,0.97,169.05
STN002,Europe,2010,7/2/2010,28.4,16.3,693.7,20,50.7,1019.2,2134,415.2,0.58,86.5,0.95,175.81
STN001,North America,2010,7/2/2010,42.8,17.4,1140.4,10.2,59.5,1020.4,2132.9,397.1,0.8,97.7,0.71,125.06
STN002,Europe,2010,6/12/2010,42.6,19.7,1057.1,5.7,47,1009.2,1085.9,381.5,0.77,80.7,0.77,166.52
STN001,North America,2010,6/12/2010,20.1,6.3,486.4,11.4,75.1,991.4,2206.1,403.6,0.56,96.1,0.89,40.8
STN002,Europe,2010,2/8/2010,30.5,22.1,912.7,18.1,53.5,998.1,1032.2,383.7,0.54,95.2,0.71,213.26
STN003,Asia,2010,6/12/2010,33.2,13.8,924.3,17.4,75.7,995.2,1208.5,394.9,0.59,95.4,0.89,142.67
STN002,Europe,2010,7/5/2010,43.5,14.6,840.9,8.9,72.7,1010.1,1640.3,384.6,0.55,83.7,0.97,157.29
STN003,Asia,2010,7/5/2010,32.4,14.9,1023.5,18.8,77.7,998.3,2369.7,391.4,0.66,96.4,0.73,158.94
STN002,Europe,2010,12/2/2010,42.6,19.7,1057.1,5.7,47,1009.2,1085.9,381.5,0.77,80.7,0.77,222.02
STN002,Europe,2010,7/5/2010,26.8,9,707.8,7.4,69.6,995.1,1371.7,393.7,0.83,88.5,0.7,165.81
STN002,Europe,2010,11/2/2010,39.5,6.5,291.3,11.2,79.9,986.3,1419.7,386.1,0.76,88.6,0.82,222.69
STN003,Asia,2010,3/11/2010,33.2,13.8,924.3,17.4,75.7,995.2,1208.5,394.9,0.59,95.4,0.89,139.52
STN001,North America,2010,4/4/2010,43.1,20.5,582.8,15.7,46.6,992.3,1371,398.5,0.54,81,0.97,226.89
STN004,Africa,2010,4/6/2010,30.5,5.1,436.5,11.3,75.7,1019.4,1693.8,397.3,0.65,82.2,0.74,101.2
STN002,Europe,2010,7/5/2010,44.5,18.7,868.2,9.5,44.8,1007.7,1848.4,419.8,0.64,85,0.87,75.92
STN004,Africa,2010,4/6/2010,37,24,294.9,12.4,62.6,980.9,2158.9,395.2,0.86,84.8,0.92,81.53
STN003,Asia,2010,4/6/2010,33.2,13.8,924.3,17.4,75.7,995.2,1208.5,394.9,0.59,95.4,0.89,202.57
STN003,Asia,2010,10/11/2010,41.4,17.8,462.4,15.3,54,1005.7,1868.4,390.6,0.52,86.4,0.75,175.77
STN001,North America,2010,10/8/2010,29.1,20.3,799.2,17.6,67.5,1020.6,1227.7,381,0.54,90.4,0.8,225.19
STN001,North America,2010,4/6/2010,36.5,24.7,354.4,13.2,47.5,991.9,1266.3,386.3,0.81,80.6,0.8,158.2
STN003,Asia,2010,12/12/2010,33.8,13.7,434.5,18.8,42.8,1014.6,1481,411.9,0.68,84.8,0.89,121.28
STN002,Europe,2010,12/12/2010,40.1,21.9,241.6,9.5,53,996.6,2212.3,387.3,0.85,89.4,0.88,40.68
STN004,Africa,2010,4/3/2010,38.1,11.5,399.5,19.4,57.2,1019.2,1874.7,414.3,0.72,90.8,0.93,5.53
STN004,Africa,2010,10/9/2010,34.3,6.3,707.8,16.7,68.6,1004.4,1522.9,397.5,0.76,97.2,0.9,157.66
STN004,Africa,2010,4/3/2010,32.9,16.1,545.1,12,46.2,992.3,1531.3,414.2,0.6,84.8,0.85,242.96
STN003,Asia,2010,4/3/2010,33.2,13.8,924.3,17.4,75.7,995.2,1208.5,394.9,0.59,95.4,0.89,62.89
STN002,Europe,2010,6/11/2010,34.2,20.2,1196.4,5.7,69.3,1008,1606,389,0.97,96.2,0.89,8.14
STN004,Africa,2010,10/9/2010,30.5,5.1,436.5,11.3,75.7,1019.4,1693.8,397.3,0.65,82.2,0.74,219.28
STN001,North America,2010,10/9/2010,30.9,22.9,479.1,13.5,58.8,1001,1347.9,399.5,0.63,84.6,0.88,75.12
STN002,Europe,2010,10/9/2010,23,12.2,711,17.7,70.2,1018.5,2240,418.6,0.61,91.2,0.77,44
STN003,Asia,2010,1/4/2010,33.8,13.7,434.5,18.8,42.8,1014.6,1481,411.9,0.68,84.8,0.89,11.79
STN004,Africa,2010,1/4/2010,30.1,16.2,1174.8,10.5,47.3,1019.9,1272.3,405.5,0.9,97.4,0.8,5.32
STN002,Europe,2010,5/6/2010,30.5,22.1,912.7,18.1,53.5,998.1,1032.2,383.7,0.54,95.2,0.71,195.67
STN001,North America,2010,1/4/2010,42.1,15.5,616.4,14.4,66.9,990.5,1764.8,416.1,0.58,86.2,0.73,20.61
STN002,Europe,2010,5/12/2010,23,12.2,711,17.7,70.2,1018.5,2240,418.6,0.61,91.2,0.77,129.74
STN003,Asia,2010,1/8/2010,34.4,23.2,404,7.3,73.9,1021.9,2220.1,391.5,0.87,86.6,0.89,86.12
STN002,Europe,2010,5/12/2010,34.2,20.2,1196.4,5.7,69.3,1008,1606,389,0.97,96.2,0.89,154.8
STN002,Europe,2010,1/8/2010,39.5,6.5,291.3,11.2,79.9,986.3,1419.7,386.1,0.76,88.6,0.82,188.18
STN002,Europe,2010,3/2/2010,29.2,19.4,972.6,14.2,43.3,1029.7,2415.2,418.1,0.6,94.1,0.92,177.99
STN004,Africa,2010,3/5/2010,34.3,6.3,707.8,16.7,68.6,1004.4,1522.9,397.5,0.76,97.2,0.9,108.72
STN002,Europe,2010,5/12/2010,36.9,17.5,1028.6,9.9,78.3,987.6,1821.5,399,0.95,86.8,0.77,216.94
STN003,Asia,2010,1/8/2010,33.8,13.7,434.5,18.8,42.8,1014.6,1481,411.9,0.68,84.8,0.89,83.65
STN004,Africa,2010,1/8/2010,39.4,5.4,302.7,6.2,65,1028.5,2327.8,405.8,0.8,81.3,0.86,0.76
STN002,Europe,2011,5/3/2011,28.4,16.3,693.7,20,50.7,1019.2,2134,415.2,0.58,86.5,0.95,139.62
STN003,Asia,2011,4/2/2011,34.1,12.2,930.2,15.3,40.9,997.1,1080.8,413.1,0.91,89.9,0.73,15.03
STN001,North America,2011,12/6/2011,30.8,10.3,327.1,17.8,48.8,999.4,1241.2,393.6,0.73,98.2,0.78,64.8
STN002,Europe,2011,11/7/2011,39.5,6.5,291.3,11.2,79.9,986.3,1419.7,386.1,0.76,88.6,0.82,14.42
STN002,Europe,2011,5/3/2011,24.3,16,821.8,19.3,51.5,1025.8,1164.4,390.6,0.99,85.6,0.89,25.3
STN001,North America,2011,5/3/2011,30.8,10.3,327.1,17.8,48.8,999.4,1241.2,393.6,0.73,98.2,0.78,108.66
STN004,Africa,2011,5/3/2011,35.4,22.5,1112.7,8.4,50.5,992.7,1605.5,386,0.98,94.3,0.7,201.21
STN004,Africa,2011,5/2/2011,32.3,5.8,892.9,13.6,41.7,1001.2,1788.5,388.5,0.66,99.4,0.95,3.75
STN002,Europe,2011,5/3/2011,23.3,18.4,499.7,11.5,43.1,980.1,1376.7,389.2,0.75,97.9,0.73,130.27
STN003,Asia,2011,4/9/2011,24.8,13.6,1008.1,17.9,74.4,1000.6,1021.1,411,0.6,88.2,0.95,28.96
STN002,Europe,2011,10/6/2011,20.2,12.5,1006,19.8,52,991.2,1875.2,386.7,0.98,92.5,0.89,94
STN004,Africa,2011,4/9/2011,38.1,11.5,399.5,19.4,57.2,1019.2,1874.7,414.3,0.72,90.8,0.93,105.84
STN004,Africa,2011,5/4/2011,30.1,16.2,1174.8,10.5,47.3,1019.9,1272.3,405.5,0.9,97.4,0.8,183.03
STN002,Europe,2011,5/4/2011,20.7,24,255.3,9.4,46,1001.7,1656.2,391.5,0.52,81.5,0.77,58.51
STN002,Europe,2011,4/9/2011,24.3,5.6,604.3,19.6,52.7,1012.2,1038,384.4,0.59,90.2,0.75,106.87
STN001,North America,2011,5/5/2011,36,16.5,212.8,13.7,42.1,998.5,1631.5,403.4,0.77,80.1,0.7,228.99
STN003,Asia,2011,5/5/2011,23.6,11.2,749.7,16.4,53.1,984.7,1950.4,384,0.84,97.9,0.97,45.99
STN001,North America,2011,10/6/2011,34.5,20,334,12.6,43.3,1000.6,2307.1,392.2,0.5,82.9,0.87,65.55
STN003,Asia,2011,4/2/2011,32.9,19.6,360.3,12.8,70.7,1019.8,2253.3,403.8,0.51,82.4,0.9,76.14
STN001,North America,2011,4/11/2011,28.2,15.2,663.3,11.5,51.2,1026.9,1099.9,386.3,0.8,84.6,0.86,199.68
STN001,North America,2011,1/5/2011,34.5,20,334,12.6,43.3,1000.6,2307.1,392.2,0.5,82.9,0.87,13.34
STN001,North America,2011,6/6/2011,38,19.8,456.7,17.5,64.3,1023.1,1241.7,400.5,0.69,99.2,0.9,209.92
STN002,Europe,2011,5/5/2011,40.1,21.9,241.6,9.5,53,996.6,2212.3,387.3,0.85,89.4,0.88,133.6
STN004,Africa,2011,6/3/2011,44.5,18.3,800.8,19.9,56.2,988.2,2429,407.2,0.89,84.4,0.91,147.16
STN001,North America,2011,7/3/2011,21.7,7.7,944.6,17.7,45,1020.3,1723.3,385.1,0.65,96.1,0.92,139.21
STN004,Africa,2011,7/5/2011,39.4,5.4,302.7,6.2,65,1028.5,2327.8,405.8,0.8,81.3,0.86,78.18
STN002,Europe,2011,6/3/2011,20.2,12.5,1006,19.8,52,991.2,1875.2,386.7,0.98,92.5,0.89,178.55
STN001,North America,2011,6/3/2011,33.9,16.5,207.4,8.5,74.8,987,1580.5,397.4,0.53,98.6,0.97,167.15
STN004,Africa,2011,9/11/2011,34.3,6.3,707.8,16.7,68.6,1004.4,1522.9,397.5,0.76,97.2,0.9,210.3
STN001,North America,2011,9/11/2011,21.7,7.7,944.6,17.7,45,1020.3,1723.3,385.1,0.65,96.1,0.92,79.38
STN004,Africa,2011,6/3/2011,34.8,14,363.3,10.8,74.4,1015.3,1468.1,411,0.56,94.6,0.75,173.14
STN004,Africa,2011,9/11/2011,44.6,16.4,380.7,8.3,72.2,1004.3,1015.5,413.5,0.68,86,0.81,138.72
STN004,Africa,2011,9/11/2011,44.5,18.3,800.8,19.9,56.2,988.2,2429,407.2,0.89,84.4,0.91,83.74
STN003,Asia,2011,6/3/2011,41.4,17.8,462.4,15.3,54,1005.7,1868.4,390.6,0.52,86.4,0.75,163.4
STN002,Europe,2011,5/11/2011,23,12.2,711,17.7,70.2,1018.5,2240,418.6,0.61,91.2,0.77,168.24
STN002,Europe,2011,5/11/2011,34.2,20.2,1196.4,5.7,69.3,1008,1606,389,0.97,96.2,0.89,233.41
STN004,Africa,2011,5/11/2011,34.6,10.9,224.2,14.7,50.6,1005.8,2341.4,396,0.9,90.1,0.82,180.18
STN002,Europe,2011,8/10/2011,20.7,24,255.3,9.4,46,1001.7,1656.2,391.5,0.52,81.5,0.77,65.11
STN002,Europe,2011,8/10/2011,41.8,20.9,277,10.5,61.1,988.3,1296.4,403.1,0.89,85,0.9,67.48
STN001,North America,2011,6/7/2011,30.9,22.9,479.1,13.5,58.8,1001,1347.9,399.5,0.63,84.6,0.88,15.34
STN002,Europe,2011,8/10/2011,39.5,6.5,291.3,11.2,79.9,986.3,1419.7,386.1,0.76,88.6,0.82,105.34
STN001,North America,2011,2/6/2011,33.9,16.5,207.4,8.5,74.8,987,1580.5,397.4,0.53,98.6,0.97,161.35
STN002,Europe,2011,5/4/2011,24.3,5.6,604.3,19.6,52.7,1012.2,1038,384.4,0.59,90.2,0.75,2.49
STN002,Europe,2011,4/8/2011,26.8,9,707.8,7.4,69.6,995.1,1371.7,393.7,0.83,88.5,0.7,96.09
STN003,Asia,2011,2/6/2011,32.4,14.9,1023.5,18.8,77.7,998.3,2369.7,391.4,0.66,96.4,0.73,223.66
STN001,North America,2011,4/8/2011,29.1,20.3,799.2,17.6,67.5,1020.6,1227.7,381,0.54,90.4,0.8,38.62
STN004,Africa,2011,4/8/2011,20.7,14.2,815.4,6.8,43.5,981.9,2019.3,390,0.68,90.2,0.96,72.08
STN004,Africa,2011,4/8/2011,32.8,9.3,377.1,6.8,68.9,996.8,1137.3,389.5,0.93,92.8,0.76,68.65
STN004,Africa,2011,4/8/2011,37,24,294.9,12.4,62.6,980.9,2158.9,395.2,0.86,84.8,0.92,152.6
STN001,North America,2011,12/12/2011,24.6,13,399.3,10.4,72.9,995.2,1952.5,400.8,0.65,90.5,0.91,37.22
STN001,North America,2012,12/11/2012,42.1,15.5,616.4,14.4,66.9,990.5,1764.8,416.1,0.58,86.2,0.73,35.98
STN002,Europe,2012,3/9/2012,40.1,21.9,241.6,9.5,53,996.6,2212.3,387.3,0.85,89.4,0.88,92.04
STN004,Africa,2012,11/10/2012,44.5,18.3,800.8,19.9,56.2,988.2,2429,407.2,0.89,84.4,0.91,45.92
STN003,Asia,2012,11/2/2012,23.3,6.8,865,7,63.1,992.1,1686.1,397.5,0.65,86.3,0.98,55.15
STN002,Europe,2012,11/2/2012,41.8,20.9,277,10.5,61.1,988.3,1296.4,403.1,0.89,85,0.9,121.79
STN004,Africa,2012,8/7/2012,32.2,6.4,881.8,19.6,56.4,1007.3,1963.2,406.6,0.95,82.2,0.97,30.51
STN001,North America,2012,11/2/2012,28.2,15.2,663.3,11.5,51.2,1026.9,1099.9,386.3,0.8,84.6,0.86,168.17
STN004,Africa,2012,11/2/2012,30.7,17.8,800.1,10.8,40.5,985.8,1991.6,397.5,0.96,86.5,0.77,119.34
STN004,Africa,2012,11/1/2012,40,14.1,1063.2,12.1,55.5,1011.6,1806.9,393.2,0.59,83.2,0.97,124.37
STN001,North America,2012,11/4/2012,30.9,22.9,479.1,13.5,58.8,1001,1347.9,399.5,0.63,84.6,0.88,83.2
STN002,Europe,2012,1/6/2012,30.5,22.1,912.7,18.1,53.5,998.1,1032.2,383.7,0.54,95.2,0.71,158.08
STN001,North America,2012,11/12/2012,42.8,17.4,1140.4,10.2,59.5,1020.4,2132.9,397.1,0.8,97.7,0.71,189.11
STN001,North America,2012,8/10/2012,38,19.8,456.7,17.5,64.3,1023.1,1241.7,400.5,0.69,99.2,0.9,4.21
STN001,North America,2012,1/6/2012,33.9,16.5,207.4,8.5,74.8,987,1580.5,397.4,0.53,98.6,0.97,28.53
STN001,North America,2012,8/10/2012,30.8,10.3,327.1,17.8,48.8,999.4,1241.2,393.6,0.73,98.2,0.78,225.7
STN004,Africa,2012,1/6/2012,39.4,5.4,302.7,6.2,65,1028.5,2327.8,405.8,0.8,81.3,0.86,30.52
STN001,North America,2012,8/10/2012,43.1,20.5,582.8,15.7,46.6,992.3,1371,398.5,0.54,81,0.97,140.72
STN001,North America,2012,8/10/2012,20.7,6.5,764.5,13.9,75,1028.6,1963.7,391.6,0.64,85.7,0.78,79.07
STN003,Asia,2012,8/10/2012,40,18.4,588.3,13.5,60.1,1021.6,1347.1,419.1,0.72,80.5,0.98,0.14
STN001,North America,2012,1/6/2012,22.7,21,570.4,19.8,40.4,992.5,1743.6,402.3,0.97,82.4,0.9,246.54
STN004,Africa,2012,1/8/2012,34.8,14,363.3,10.8,74.4,1015.3,1468.1,411,0.56,94.6,0.75,91.27
STN001,North America,2012,4/2/2012,43.1,20.5,582.8,15.7,46.6,992.3,1371,398.5,0.54,81,0.97,124.63
STN003,Asia,2012,5/8/2012,34.1,12.2,930.2,15.3,40.9,997.1,1080.8,413.1,0.91,89.9,0.73,65.37
STN001,North America,2012,4/2/2012,43.1,20.5,582.8,15.7,46.6,992.3,1371,398.5,0.54,81,0.97,7.5
STN003,Asia,2012,4/2/2012,23.6,11.2,749.7,16.4,53.1,984.7,1950.4,384,0.84,97.9,0.97,221.16
STN002,Europe,2012,6/7/2012,44.5,18.7,868.2,9.5,44.8,1007.7,1848.4,419.8,0.64,85,0.87,43.14
STN002,Europe,2012,11/8/2012,40.1,21.9,241.6,9.5,53,996.6,2212.3,387.3,0.85,89.4,0.88,30.95
STN004,Africa,2012,9/11/2012,32.2,6.4,881.8,19.6,56.4,1007.3,1963.2,406.6,0.95,82.2,0.97,228.1
STN003,Asia,2012,9/11/2012,21.4,18.9,828.5,10,52.4,993,2058.6,408,0.89,98.2,0.94,202.7
STN002,Europe,2012,11/7/2012,36.9,17.5,1028.6,9.9,78.3,987.6,1821.5,399,0.95,86.8,0.77,217.19
STN004,Africa,2012,4/2/2012,37,24,294.9,12.4,62.6,980.9,2158.9,395.2,0.86,84.8,0.92,89.74
STN004,Africa,2012,7/12/2012,32.9,16.1,545.1,12,46.2,992.3,1531.3,414.2,0.6,84.8,0.85,60.16
STN003,Asia,2012,7/12/2012,32.9,19.6,360.3,12.8,70.7,1019.8,2253.3,403.8,0.51,82.4,0.9,245.55
STN004,Africa,2012,7/12/2012,38.1,11.5,399.5,19.4,57.2,1019.2,1874.7,414.3,0.72,90.8,0.93,46.6
STN001,North America,2012,11/3/2012,29.1,20.3,799.2,17.6,67.5,1020.6,1227.7,381,0.54,90.4,0.8,105.26
STN001,North America,2012,7/7/2012,21.7,7.7,944.6,17.7,45,1020.3,1723.3,385.1,0.65,96.1,0.92,8.21
STN001,North America,2012,11/3/2012,38.2,24.9,855.2,10.3,75.1,1000,1616.4,392.3,0.69,97.3,0.81,220.44
STN002,Europe,2012,12/5/2012,23,12.2,711,17.7,70.2,1018.5,2240,418.6,0.61,91.2,0.77,35.81
STN003,Asia,2012,12/9/2012,34.1,12.2,930.2,15.3,40.9,997.1,1080.8,413.1,0.91,89.9,0.73,243.86
STN001,North America,2012,5/6/2012,37.8,14.9,829.1,12.4,79.1,998.8,1992.4,389,0.89,93.4,0.78,88.11
STN002,Europe,2012,10/11/2012,26.8,9,707.8,7.4,69.6,995.1,1371.7,393.7,0.83,88.5,0.7,103.91
STN004,Africa,2012,1/9/2012,20.7,14.2,815.4,6.8,43.5,981.9,2019.3,390,0.68,90.2,0.96,115.57
STN002,Europe,2012,11/3/2012,42.6,19.7,1057.1,5.7,47,1009.2,1085.9,381.5,0.77,80.7,0.77,103.62
STN004,Africa,2012,11/3/2012,32.8,9.3,377.1,6.8,68.9,996.8,1137.3,389.5,0.93,92.8,0.76,21.3
STN003,Asia,2012,6/3/2012,31.1,17,775.4,6,69.8,1018.3,1464.6,392.2,0.8,85.8,0.73,199.01
STN001,North America,2012,11/12/2012,28.2,15.2,663.3,11.5,51.2,1026.9,1099.9,386.3,0.8,84.6,0.86,160.05
STN001,North America,2012,4/9/2012,28.7,20.9,277.3,6.1,49.9,1004.6,2002.6,407.2,0.92,95.2,0.85,188.92
STN002,Europe,2012,4/9/2012,26.8,9,707.8,7.4,69.6,995.1,1371.7,393.7,0.83,88.5,0.7,174.71
STN002,Europe,2012,4/9/2012,36.9,17.5,1028.6,9.9,78.3,987.6,1821.5,399,0.95,86.8,0.77,76.09
STN003,Asia,2013,1/6/2013,34.4,23.2,404,7.3,73.9,1021.9,2220.1,391.5,0.87,86.6,0.89,194.6
STN001,North America,2013,8/2/2013,28.2,15.2,663.3,11.5,51.2,1026.9,1099.9,386.3,0.8,84.6,0.86,131.76
STN002,Europe,2013,1/6/2013,24.3,5.6,604.3,19.6,52.7,1012.2,1038,384.4,0.59,90.2,0.75,171.67
STN003,Asia,2013,2/6/2013,32.9,19.6,360.3,12.8,70.7,1019.8,2253.3,403.8,0.51,82.4,0.9,72.53
STN001,North America,2013,1/1/2013,21.7,7.7,944.6,17.7,45,1020.3,1723.3,385.1,0.65,96.1,0.92,214.55
STN002,Europe,2013,1/1/2013,44.6,17.7,761.2,10.1,52.7,1008.2,1735.2,388.2,0.57,92.7,0.73,204.23
STN004,Africa,2013,2/6/2013,32.2,6.4,881.8,19.6,56.4,1007.3,1963.2,406.6,0.95,82.2,0.97,172.65
STN003,Asia,2013,1/1/2013,24.7,11.1,958.8,18.3,47.8,1007.8,1031.1,382.3,0.98,92.7,0.8,233.92
STN002,Europe,2013,NA,24.3,16,821.8,19.3,51.5,1025.8,1164.4,390.6,0.99,85.6,0.89,176.29
STN002,Europe,2013,8/5/2013,24.3,16,821.8,19.3,51.5,1025.8,1164.4,390.6,0.99,85.6,0.89,28.26
STN004,Africa,2013,12/7/2013,44.5,18.3,800.8,19.9,56.2,988.2,2429,407.2,0.89,84.4,0.91,11.65
STN004,Africa,2013,11/5/2013,44.5,18.3,800.8,19.9,56.2,988.2,2429,407.2,0.89,84.4,0.91,35.76
STN001,North America,2013,7/1/2013,38,19.8,456.7,17.5,64.3,1023.1,1241.7,400.5,0.69,99.2,0.9,40.36
STN004,Africa,2013,7/1/2013,39.1,16,1157,5.1,42.6,991.5,1503.3,393.1,0.76,95.1,0.87,13.91
STN003,Asia,2013,7/1/2013,22.4,22.1,1058.1,15.9,71.4,983.9,1717.4,405.6,0.53,94.6,0.8,249.31
STN001,North America,2013,7/1/2013,20.7,6.5,764.5,13.9,75,1028.6,1963.7,391.6,0.64,85.7,0.78,82.41
STN002,Europe,2013,6/12/2013,28.4,16.3,693.7,20,50.7,1019.2,2134,415.2,0.58,86.5,0.95,225.38
STN004,Africa,2013,6/12/2013,32.2,6.4,881.8,19.6,56.4,1007.3,1963.2,406.6,0.95,82.2,0.97,25.68
STN002,Europe,2013,6/12/2013,24.3,5.6,604.3,19.6,52.7,1012.2,1038,384.4,0.59,90.2,0.75,64.09
STN004,Africa,2013,3/6/2013,30.7,17.8,800.1,10.8,40.5,985.8,1991.6,397.5,0.96,86.5,0.77,154.91
STN004,Africa,2013,6/12/2013,34.6,10.9,224.2,14.7,50.6,1005.8,2341.4,396,0.9,90.1,0.82,120.15
STN001,North America,2013,2/5/2013,42.1,15.5,616.4,14.4,66.9,990.5,1764.8,416.1,0.58,86.2,0.73,111.24
STN001,North America,2013,6/7/2013,28.2,15.2,663.3,11.5,51.2,1026.9,1099.9,386.3,0.8,84.6,0.86,172.74
STN003,Asia,2013,10/1/2013,23.6,11.2,749.7,16.4,53.1,984.7,1950.4,384,0.84,97.9,0.97,23.54
STN002,Europe,2013,10/1/2013,34.2,20.2,1196.4,5.7,69.3,1008,1606,389,0.97,96.2,0.89,91.84
STN002,Europe,2013,6/7/2013,26.8,9,707.8,7.4,69.6,995.1,1371.7,393.7,0.83,88.5,0.7,121.86
STN003,Asia,2013,6/7/2013,23.6,11.2,749.7,16.4,53.1,984.7,1950.4,384,0.84,97.9,0.97,239.42
STN001,North America,2013,6/7/2013,30.8,10.3,327.1,17.8,48.8,999.4,1241.2,393.6,0.73,98.2,0.78,99.59
STN002,Europe,2013,6/7/2013,40.1,21.9,241.6,9.5,53,996.6,2212.3,387.3,0.85,89.4,0.88,91.68
STN004,Africa,2013,5/7/2013,30.7,17.8,800.1,10.8,40.5,985.8,1991.6,397.5,0.96,86.5,0.77,200.6
STN001,North America,2013,5/7/2013,38,19.8,456.7,17.5,64.3,1023.1,1241.7,400.5,0.69,99.2,0.9,176.56
STN002,Europe,2013,5/7/2013,23,12.2,711,17.7,70.2,1018.5,2240,418.6,0.61,91.2,0.77,237.42
STN003,Asia,2013,4/1/2013,22.4,22.1,1058.1,15.9,71.4,983.9,1717.4,405.6,0.53,94.6,0.8,178.85
STN003,Asia,2013,4/1/2013,41.4,17.8,462.4,15.3,54,1005.7,1868.4,390.6,0.52,86.4,0.75,0.63
STN002,Europe,2013,12/3/2013,24.3,5.6,604.3,19.6,52.7,1012.2,1038,384.4,0.59,90.2,0.75,86.2
STN001,North America,2013,11/7/2013,22.7,21,570.4,19.8,40.4,992.5,1743.6,402.3,0.97,82.4,0.9,28.46
STN002,Europe,2013,11/8/2013,28.9,19.8,506.1,15.8,71.9,1022.5,1811.7,404.4,0.91,89.8,0.85,206.66
STN003,Asia,2013,11/9/2013,40,18.4,588.3,13.5,60.1,1021.6,1347.1,419.1,0.72,80.5,0.98,28.19
STN001,North America,2013,11/10/2013,29.1,20.3,799.2,17.6,67.5,1020.6,1227.7,381,0.54,90.4,0.8,131.12
STN003,Asia,2013,11/11/2013,33.8,13.7,434.5,18.8,42.8,1014.6,1481,411.9,0.68,84.8,0.89,226.16
STN002,Europe,2013,11/12/2013,42.6,19.7,1057.1,5.7,47,1009.2,1085.9,381.5,0.77,80.7,0.77,0.74
STN002,Europe,2013,11/13/2013,41.8,20.9,277,10.5,61.1,988.3,1296.4,403.1,0.89,85,0.9,114.74
STN003,Asia,2013,11/14/2013,27.1,7.5,625.8,12.8,44.8,997.4,1696.9,393.1,0.85,99.7,0.76,114.18
STN001,North America,2013,7/4/2013,38,19.8,456.7,17.5,64.3,1023.1,1241.7,400.5,0.69,99.2,0.9,128.88
STN003,Asia,2013,7/5/2013,25.5,11.1,896.4,19.8,56.7,995.1,2454.4,402.7,0.8,98.9,0.91,224.52
STN003,Asia,2013,4/10/2013,34.4,23.2,404,7.3,73.9,1021.9,2220.1,391.5,0.87,86.6,0.89,235.24
STN001,North America,2013,3/6/2013,22.7,21,570.4,19.8,40.4,992.5,1743.6,402.3,0.97,82.4,0.9,100.5
STN003,Asia,2013,10/1/2013,33.8,13.7,434.5,18.8,42.8,1014.6,1481,411.9,0.68,84.8,0.89,167.99
STN001,North America,2013,10/2/2013,29.1,20.3,799.2,17.6,67.5,1020.6,1227.7,381,0.54,90.4,0.8,78.25
STN002,Europe,2013,11/8/2013,26.8,9,707.8,7.4,69.6,995.1,1371.7,393.7,0.83,88.5,0.7,124.01
STN003,Asia,2013,11/9/2013,23.3,6.8,865,7,63.1,992.1,1686.1,397.5,0.65,86.3,0.98,28.19
STN002,Europe,2013,11/10/2013,41.8,20.9,277,10.5,61.1,988.3,1296.4,403.1,0.89,85,0.9,122.79
STN002,Europe,2014,12/4/2014,23.3,18.4,499.7,11.5,43.1,980.1,1376.7,389.2,0.75,97.9,0.73,46.2
STN003,Asia,2014,7/12/2014,32.9,19.6,360.3,12.8,70.7,1019.8,2253.3,403.8,0.51,82.4,0.9,16.29
STN001,North America,2014,5/7/2014,28.2,15.2,663.3,11.5,51.2,1026.9,1099.9,386.3,0.8,84.6,0.86,1.27
STN001,North America,2014,5/5/2014,37.8,14.9,829.1,12.4,79.1,998.8,1992.4,389,0.89,93.4,0.78,138.38
STN001,North America,2014,5/6/2014,29.1,20.3,799.2,17.6,67.5,1020.6,1227.7,381,0.54,90.4,0.8,235.18
STN004,Africa,2014,5/7/2014,34.6,10.9,224.2,14.7,50.6,1005.8,2341.4,396,0.9,90.1,0.82,61.42
STN004,Africa,2014,5/8/2014,32.2,6.4,881.8,19.6,56.4,1007.3,1963.2,406.6,0.95,82.2,0.97,100.63
STN002,Europe,2014,5/9/2014,34.2,20.2,1196.4,5.7,69.3,1008,1606,389,0.97,96.2,0.89,189.06
STN002,Europe,2014,5/10/2014,34.2,20.2,1196.4,5.7,69.3,1008,1606,389,0.97,96.2,0.89,206.72
STN004,Africa,2014,12/7/2014,30.1,16.2,1174.8,10.5,47.3,1019.9,1272.3,405.5,0.9,97.4,0.8,191.04
STN001,North America,2014,12/8/2014,30.8,10.3,327.1,17.8,48.8,999.4,1241.2,393.6,0.73,98.2,0.78,23
STN004,Africa,2014,12/9/2014,34.8,14,363.3,10.8,74.4,1015.3,1468.1,411,0.56,94.6,0.75,149
STN003,Asia,2014,12/10/2014,23.3,6.8,865,7,63.1,992.1,1686.1,397.5,0.65,86.3,0.98,3.86
STN003,Asia,2014,3/8/2014,32.4,14.9,1023.5,18.8,77.7,998.3,2369.7,391.4,0.66,96.4,0.73,101.82
STN003,Asia,2014,3/9/2014,31.1,17,775.4,6,69.8,1018.3,1464.6,392.2,0.8,85.8,0.73,88.15
STN004,Africa,2014,3/10/2014,35.4,22.5,1112.7,8.4,50.5,992.7,1605.5,386,0.98,94.3,0.7,23.75
STN004,Africa,2014,12/9/2014,20.7,14.2,815.4,6.8,43.5,981.9,2019.3,390,0.68,90.2,0.96,133.15
STN003,Asia,2014,12/10/2014,40,18.4,588.3,13.5,60.1,1021.6,1347.1,419.1,0.72,80.5,0.98,118.56
STN004,Africa,2014,12/11/2014,44.5,18.3,800.8,19.9,56.2,988.2,2429,407.2,0.89,84.4,0.91,109.04
STN004,Africa,2014,12/12/2014,44.6,16.4,380.7,8.3,72.2,1004.3,1015.5,413.5,0.68,86,0.81,22.47
STN002,Europe,2014,12/13/2014,24.3,16,821.8,19.3,51.5,1025.8,1164.4,390.6,0.99,85.6,0.89,74.58
STN003,Asia,2014,12/14/2014,25.5,11.1,896.4,19.8,56.7,995.1,2454.4,402.7,0.8,98.9,0.91,17.25
STN002,Europe,2014,12/15/2014,34.2,20.2,1196.4,5.7,69.3,1008,1606,389,0.97,96.2,0.89,145.45
STN002,Europe,2014,12/16/2014,44.6,17.7,761.2,10.1,52.7,1008.2,1735.2,388.2,0.57,92.7,0.73,189.02
STN001,North America,2014,12/17/2014,30.8,10.3,327.1,17.8,48.8,999.4,1241.2,393.6,0.73,98.2,0.78,64.39
STN001,North America,2014,12/3/2014,28.7,20.9,277.3,6.1,49.9,1004.6,2002.6,407.2,0.92,95.2,0.85,33.14
STN004,Africa,2014,10/5/2014,30.1,16.2,1174.8,10.5,47.3,1019.9,1272.3,405.5,0.9,97.4,0.8,106.23
STN003,Asia,2014,10/5/2014,21.4,18.9,828.5,10,52.4,993,2058.6,408,0.89,98.2,0.94,28.32
STN001,North America,2014,10/5/2014,30.9,22.9,479.1,13.5,58.8,1001,1347.9,399.5,0.63,84.6,0.88,179.88
STN004,Africa,2014,2/5/2014,37,24,294.9,12.4,62.6,980.9,2158.9,395.2,0.86,84.8,0.92,61.91
STN004,Africa,2014,2/6/2014,32.9,16.1,545.1,12,46.2,992.3,1531.3,414.2,0.6,84.8,0.85,94.03
STN001,North America,2014,6/1/2014,24.6,13,399.3,10.4,72.9,995.2,1952.5,400.8,0.65,90.5,0.91,80.31
STN003,Asia,2014,6/2/2014,40,18.4,588.3,13.5,60.1,1021.6,1347.1,419.1,0.72,80.5,0.98,169.04
STN001,North America,2014,6/3/2014,20.1,6.3,486.4,11.4,75.1,991.4,2206.1,403.6,0.56,96.1,0.89,222.52
STN001,North America,2014,3/8/2014,22.7,21,570.4,19.8,40.4,992.5,1743.6,402.3,0.97,82.4,0.9,67.25
STN002,Europe,2014,3/9/2014,26.8,9,707.8,7.4,69.6,995.1,1371.7,393.7,0.83,88.5,0.7,7.55
STN003,Asia,2014,3/10/2014,43.7,9.7,609.4,17.1,50.1,993.9,2192.8,387.9,0.52,87.3,0.89,131.72
STN004,Africa,2014,3/11/2014,34.3,6.3,707.8,16.7,68.6,1004.4,1522.9,397.5,0.76,97.2,0.9,229.13
STN004,Africa,2014,1/2/2014,39.4,5.4,302.7,6.2,65,1028.5,2327.8,405.8,0.8,81.3,0.86,204.87
STN002,Europe,2014,5/10/2014,44.5,18.7,868.2,9.5,44.8,1007.7,1848.4,419.8,0.64,85,0.87,163.35
STN004,Africa,2014,5/11/2014,30.5,5.1,436.5,11.3,75.7,1019.4,1693.8,397.3,0.65,82.2,0.74,33.07
STN001,North America,2014,5/12/2014,33.9,16.5,207.4,8.5,74.8,987,1580.5,397.4,0.53,98.6,0.97,50.83
STN002,Europe,2014,5/13/2014,26.8,9,707.8,7.4,69.6,995.1,1371.7,393.7,0.83,88.5,0.7,22.81
STN001,North America,2014,5/14/2014,20.1,6.3,486.4,11.4,75.1,991.4,2206.1,403.6,0.56,96.1,0.89,98.16
STN003,Asia,2014,8/5/2014,24.7,11.1,958.8,18.3,47.8,1007.8,1031.1,382.3,0.98,92.7,0.8,86.4
STN003,Asia,2014,8/5/2014,43.7,9.7,609.4,17.1,50.1,993.9,2192.8,387.9,0.52,87.3,0.89,167.22
STN003,Asia,2014,6/7/2014,23.6,11.2,749.7,16.4,53.1,984.7,1950.4,384,0.84,97.9,0.97,70.64
STN001,North America,2014,6/9/2014,28.7,20.9,277.3,6.1,49.9,1004.6,2002.6,407.2,0.92,95.2,0.85,119.64
STN003,Asia,2014,11/9/2014,23.3,6.8,865,7,63.1,992.1,1686.1,397.5,0.65,86.3,0.98,149.16
STN001,North America,2014,10/1/2014,36,16.5,212.8,13.7,42.1,998.5,1631.5,403.4,0.77,80.1,0.7,207.17
STN001,North America,2014,10/2/2014,37.8,14.9,829.1,12.4,79.1,998.8,1992.4,389,0.89,93.4,0.78,209.87
STN004,Africa,2015,10/3/2014,30.3,15,563,16.5,45.7,989.8,1507.8,418.2,0.59,89.9,0.75,162.35
STN004,Africa,2015,10/4/2014,44.6,16.4,380.7,8.3,72.2,1004.3,1015.5,413.5,0.68,86,0.81,25.16
STN001,North America,2015,10/5/2014,36.5,24.7,354.4,13.2,47.5,991.9,1266.3,386.3,0.81,80.6,0.8,8.88
STN004,Africa,2015,9/2/2015,20.7,14.2,815.4,6.8,43.5,981.9,2019.3,390,0.68,90.2,0.96,206.62
STN001,North America,2015,9/3/2015,38.2,24.9,855.2,10.3,75.1,1000,1616.4,392.3,0.69,97.3,0.81,153.01
STN002,Europe,2015,9/4/2015,44.6,17.7,761.2,10.1,52.7,1008.2,1735.2,388.2,0.57,92.7,0.73,220.16
STN003,Asia,2015,8/4/2015,22.4,22.1,1058.1,15.9,71.4,983.9,1717.4,405.6,0.53,94.6,0.8,170.91
STN003,Asia,2015,8/5/2015,34.1,12.2,930.2,15.3,40.9,997.1,1080.8,413.1,0.91,89.9,0.73,153.92
STN002,Europe,2015,4/8/2015,42.6,19.7,1057.1,5.7,47,1009.2,1085.9,381.5,0.77,80.7,0.77,124
STN002,Europe,2015,4/9/2015,44.5,18.7,868.2,9.5,44.8,1007.7,1848.4,419.8,0.64,85,0.87,107.25
STN004,Africa,2015,6/12/2015,30.3,15,563,16.5,45.7,989.8,1507.8,418.2,0.59,89.9,0.75,163.97
STN001,North America,2015,6/13/2015,36.5,24.7,354.4,13.2,47.5,991.9,1266.3,386.3,0.81,80.6,0.8,216.37
STN004,Africa,2015,6/14/2015,39.1,16,1157,5.1,42.6,991.5,1503.3,393.1,0.76,95.1,0.87,151.33
STN001,North America,2015,6/15/2015,29.1,20.3,799.2,17.6,67.5,1020.6,1227.7,381,0.54,90.4,0.8,223.8
STN002,Europe,2015,6/16/2015,28.9,19.8,506.1,15.8,71.9,1022.5,1811.7,404.4,0.91,89.8,0.85,186.36
STN004,Africa,2015,6/17/2015,30.1,16.2,1174.8,10.5,47.3,1019.9,1272.3,405.5,0.9,97.4,0.8,64.78
STN002,Europe,2015,6/18/2015,28.9,19.8,506.1,15.8,71.9,1022.5,1811.7,404.4,0.91,89.8,0.85,184.62
STN004,Africa,2015,6/19/2015,30.7,17.8,800.1,10.8,40.5,985.8,1991.6,397.5,0.96,86.5,0.77,163.07
STN001,North America,2015,6/20/2015,28.7,20.9,277.3,6.1,49.9,1004.6,2002.6,407.2,0.92,95.2,0.85,144.55
STN003,Asia,2015,6/21/2015,27.1,7.5,625.8,12.8,44.8,997.4,1696.9,393.1,0.85,99.7,0.76,84.09
STN003,Asia,2015,6/22/2015,25.5,11.1,896.4,19.8,56.7,995.1,2454.4,402.7,0.8,98.9,0.91,78.43
STN001,North America,2015,5/9/2015,36.5,24.7,354.4,13.2,47.5,991.9,1266.3,386.3,0.81,80.6,0.8,214.9
STN001,North America,2015,8/11/2015,21.7,7.7,944.6,17.7,45,1020.3,1723.3,385.1,0.65,96.1,0.92,61.14
STN003,Asia,2015,8/12/2015,24.7,11.1,958.8,18.3,47.8,1007.8,1031.1,382.3,0.98,92.7,0.8,87.48
STN002,Europe,2015,8/13/2015,39.5,6.5,291.3,11.2,79.9,986.3,1419.7,386.1,0.76,88.6,0.82,237.18
STN002,Europe,2015,6/7/2015,40.1,21.9,241.6,9.5,53,996.6,2212.3,387.3,0.85,89.4,0.88,148.89
STN001,North America,2015,6/8/2015,24.6,13,399.3,10.4,72.9,995.2,1952.5,400.8,0.65,90.5,0.91,8.42
STN004,Africa,2015,6/9/2015,38.1,11.5,399.5,19.4,57.2,1019.2,1874.7,414.3,0.72,90.8,0.93,222.03
STN003,Asia,2015,10/3/2015,32.4,14.9,1023.5,18.8,77.7,998.3,2369.7,391.4,0.66,96.4,0.73,105.63
STN004,Africa,2015,1/7/2015,35.4,22.5,1112.7,8.4,50.5,992.7,1605.5,386,0.98,94.3,0.7,78.9
STN004,Africa,2015,1/8/2015,35.4,22.5,1112.7,8.4,50.5,992.7,1605.5,386,0.98,94.3,0.7,176.03
STN001,North America,2015,1/9/2015,37.8,14.9,829.1,12.4,79.1,998.8,1992.4,389,0.89,93.4,0.78,152.46
STN001,North America,2015,10/5/2015,42.8,17.4,1140.4,10.2,59.5,1020.4,2132.9,397.1,0.8,97.7,0.71,248.82
STN003,Asia,2015,10/6/2015,41.4,17.8,462.4,15.3,54,1005.7,1868.4,390.6,0.52,86.4,0.75,91.1
STN004,Africa,2015,6/10/2015,32.8,9.3,377.1,6.8,68.9,996.8,1137.3,389.5,0.93,92.8,0.76,160.28
STN001,North America,2015,3/9/2015,24.6,13,399.3,10.4,72.9,995.2,1952.5,400.8,0.65,90.5,0.91,76.12
STN004,Africa,2015,11/5/2015,39.4,5.4,302.7,6.2,65,1028.5,2327.8,405.8,0.8,81.3,0.86,119.51
STN003,Asia,2015,3/3/2015,24.8,13.6,1008.1,17.9,74.4,1000.6,1021.1,411,0.6,88.2,0.95,243.21
STN004,Africa,2015,9/10/2015,30.7,17.8,800.1,10.8,40.5,985.8,1991.6,397.5,0.96,86.5,0.77,104.63
STN001,North America,2015,3/2/2015,38,19.8,456.7,17.5,64.3,1023.1,1241.7,400.5,0.69,99.2,0.9,79.39
STN001,North America,2015,3/3/2015,42.8,17.4,1140.4,10.2,59.5,1020.4,2132.9,397.1,0.8,97.7,0.71,188.07
STN001,North America,2015,8/7/2015,28.7,20.9,277.3,6.1,49.9,1004.6,2002.6,407.2,0.92,95.2,0.85,84.29
STN002,Europe,2015,8/8/2015,39.5,6.5,291.3,11.2,79.9,986.3,1419.7,386.1,0.76,88.6,0.82,169.68
STN004,Africa,2015,8/9/2015,30.3,15,563,16.5,45.7,989.8,1507.8,418.2,0.59,89.9,0.75,226.09
STN004,Africa,2015,7/6/2015,30.3,15,563,16.5,45.7,989.8,1507.8,418.2,0.59,89.9,0.75,114.6
STN001,North America,2015,6/11/2015,30.9,22.9,479.1,13.5,58.8,1001,1347.9,399.5,0.63,84.6,0.88,100.21
STN001,North America,2015,6/12/2015,42.1,15.5,616.4,14.4,66.9,990.5,1764.8,416.1,0.58,86.2,0.73,149.21
STN003,Asia,2015,6/7/2015,21.4,18.9,828.5,10,52.4,993,2058.6,408,0.89,98.2,0.94,212.55
STN003,Asia,2015,11/7/2015,34.1,12.2,930.2,15.3,40.9,997.1,1080.8,413.1,0.91,89.9,0.73,159.04
STN004,Africa,2015,11/8/2015,30.5,5.1,436.5,11.3,75.7,1019.4,1693.8,397.3,0.65,82.2,0.74,171.48
STN004,Africa,2016,3/7/2016,30.5,5.1,436.5,11.3,75.7,1019.4,1693.8,397.3,0.65,82.2,0.74,186.32
STN002,Europe,2016,3/8/2016,23.3,18.4,499.7,11.5,43.1,980.1,1376.7,389.2,0.75,97.9,0.73,214.3
STN003,Asia,2016,3/9/2016,23.3,6.8,865,7,63.1,992.1,1686.1,397.5,0.65,86.3,0.98,15.47
STN001,North America,2016,3/10/2016,21.7,7.7,944.6,17.7,45,1020.3,1723.3,385.1,0.65,96.1,0.92,95.68
STN003,Asia,2016,3/11/2016,31.1,17,775.4,6,69.8,1018.3,1464.6,392.2,0.8,85.8,0.73,245.81
STN003,Asia,2016,2/10/2016,24.7,11.1,958.8,18.3,47.8,1007.8,1031.1,382.3,0.98,92.7,0.8,19.18
STN004,Africa,2016,2/10/2016,44.6,16.4,380.7,8.3,72.2,1004.3,1015.5,413.5,0.68,86,0.81,203.2
STN001,North America,2016,2/11/2016,36.5,24.7,354.4,13.2,47.5,991.9,1266.3,386.3,0.81,80.6,0.8,2.96
STN004,Africa,2016,2/12/2016,40,14.1,1063.2,12.1,55.5,1011.6,1806.9,393.2,0.59,83.2,0.97,211.37
STN004,Africa,2016,4/4/2016,39.1,16,1157,5.1,42.6,991.5,1503.3,393.1,0.76,95.1,0.87,204.31
STN002,Europe,2016,1/10/2016,28.4,16.3,693.7,20,50.7,1019.2,2134,415.2,0.58,86.5,0.95,150.54
STN004,Africa,2016,7/12/2016,32.2,6.4,881.8,19.6,56.4,1007.3,1963.2,406.6,0.95,82.2,0.97,5.54
STN001,North America,2016,7/13/2016,38,19.8,456.7,17.5,64.3,1023.1,1241.7,400.5,0.69,99.2,0.9,30.11
STN002,Europe,2016,1/1/2016,23,12.2,711,17.7,70.2,1018.5,2240,418.6,0.61,91.2,0.77,247.79
STN003,Asia,2016,1/2/2016,24.7,11.1,958.8,18.3,47.8,1007.8,1031.1,382.3,0.98,92.7,0.8,121.92
STN001,North America,2016,1/3/2016,43.1,20.5,582.8,15.7,46.6,992.3,1371,398.5,0.54,81,0.97,194.99
STN003,Asia,2016,1/4/2016,23.3,6.8,865,7,63.1,992.1,1686.1,397.5,0.65,86.3,0.98,245.55
STN001,North America,2016,1/5/2016,30.9,22.9,479.1,13.5,58.8,1001,1347.9,399.5,0.63,84.6,0.88,49.86
STN001,North America,2016,9/10/2016,22.7,21,570.4,19.8,40.4,992.5,1743.6,402.3,0.97,82.4,0.9,214.98
STN003,Asia,2016,2/11/2016,24.7,11.1,958.8,18.3,47.8,1007.8,1031.1,382.3,0.98,92.7,0.8,193.63
STN002,Europe,2016,2/12/2016,28.9,19.8,506.1,15.8,71.9,1022.5,1811.7,404.4,0.91,89.8,0.85,249.48
STN004,Africa,2016,2/13/2016,37,24,294.9,12.4,62.6,980.9,2158.9,395.2,0.86,84.8,0.92,105.66
STN002,Europe,2016,9/5/2016,29.2,19.4,972.6,14.2,43.3,1029.7,2415.2,418.1,0.6,94.1,0.92,222.6
STN003,Asia,2016,9/6/2016,32.4,14.9,1023.5,18.8,77.7,998.3,2369.7,391.4,0.66,96.4,0.73,173.92
STN001,North America,2016,9/7/2016,28.2,15.2,663.3,11.5,51.2,1026.9,1099.9,386.3,0.8,84.6,0.86,15.07
STN004,Africa,2016,1/3/2016,40,14.1,1063.2,12.1,55.5,1011.6,1806.9,393.2,0.59,83.2,0.97,126.49
STN001,North America,2016,1/4/2016,37.8,14.9,829.1,12.4,79.1,998.8,1992.4,389,0.89,93.4,0.78,142.68
STN004,Africa,2016,6/11/2016,32.8,9.3,377.1,6.8,68.9,996.8,1137.3,389.5,0.93,92.8,0.76,93.2
STN004,Africa,2016,6/12/2016,34.8,14,363.3,10.8,74.4,1015.3,1468.1,411,0.56,94.6,0.75,204
STN002,Europe,2016,7/1/2016,43.5,14.6,840.9,8.9,72.7,1010.1,1640.3,384.6,0.55,83.7,0.97,25.75
STN004,Africa,2016,3/3/2016,34.6,10.9,224.2,14.7,50.6,1005.8,2341.4,396,0.9,90.1,0.82,194.93
STN001,North America,2016,3/4/2016,33.9,16.5,207.4,8.5,74.8,987,1580.5,397.4,0.53,98.6,0.97,96.96
STN002,Europe,2016,3/5/2016,20.7,24,255.3,9.4,46,1001.7,1656.2,391.5,0.52,81.5,0.77,52.31
STN003,Asia,2016,3/6/2016,21.4,18.9,828.5,10,52.4,993,2058.6,408,0.89,98.2,0.94,125.67
STN003,Asia,2016,3/7/2016,32.4,14.9,1023.5,18.8,77.7,998.3,2369.7,391.4,0.66,96.4,0.73,80.71
STN001,North America,2016,3/8/2016,21.7,7.7,944.6,17.7,45,1020.3,1723.3,385.1,0.65,96.1,0.92,104.81
STN002,Europe,2016,3/9/2016,28.9,19.8,506.1,15.8,71.9,1022.5,1811.7,404.4,0.91,89.8,0.85,127.41
STN002,Europe,2016,3/10/2016,39.5,6.5,291.3,11.2,79.9,986.3,1419.7,386.1,0.76,88.6,0.82,137.64
STN002,Europe,2016,3/11/2016,29.2,19.4,972.6,14.2,43.3,1029.7,2415.2,418.1,0.6,94.1,0.92,229.99
STN003,Asia,2016,9/3/2016,33.8,13.7,434.5,18.8,42.8,1014.6,1481,411.9,0.68,84.8,0.89,216.19
STN003,Asia,2016,9/4/2016,22.4,22.1,1058.1,15.9,71.4,983.9,1717.4,405.6,0.53,94.6,0.8,0.16
STN002,Europe,2016,2/5/2016,24.3,5.6,604.3,19.6,52.7,1012.2,1038,384.4,0.59,90.2,0.75,6.11
STN001,North America,2016,2/6/2016,28.2,15.2,663.3,11.5,51.2,1026.9,1099.9,386.3,0.8,84.6,0.86,82.51
STN003,Asia,2016,2/7/2016,32.4,14.9,1023.5,18.8,77.7,998.3,2369.7,391.4,0.66,96.4,0.73,235.9
STN002,Europe,2016,6/9/2016,20.7,24,255.3,9.4,46,1001.7,1656.2,391.5,0.52,81.5,0.77,116.67
STN004,Africa,2016,5/10/2016,30.1,16.2,1174.8,10.5,47.3,1019.9,1272.3,405.5,0.9,97.4,0.8,103.06
STN003,Asia,2016,5/11/2016,23.3,6.8,865,7,63.1,992.1,1686.1,397.5,0.65,86.3,0.98,146.41
STN003,Asia,2016,5/12/2016,22.4,22.1,1058.1,15.9,71.4,983.9,1717.4,405.6,0.53,94.6,0.8,127.31
STN002,Europe,2016,8/5/2016,24.3,16,821.8,19.3,51.5,1025.8,1164.4,390.6,0.99,85.6,0.89,225.61
STN004,Africa,2016,8/6/2016,44.6,16.4,380.7,8.3,72.2,1004.3,1015.5,413.5,0.68,86,0.81,249.6
STN004,Africa,2016,8/7/2016,20.7,14.2,815.4,6.8,43.5,981.9,2019.3,390,0.68,90.2,0.96,14.98
STN004,Africa,2017,8/8/2016,32.2,6.4,881.8,19.6,56.4,1007.3,1963.2,406.6,0.95,82.2,0.97,224.71
STN002,Europe,2017,8/9/2017,42.6,19.7,1057.1,5.7,47,1009.2,1085.9,381.5,0.77,80.7,0.77,207.25
STN001,North America,2017,5/9/2017,20.7,6.5,764.5,13.9,75,1028.6,1963.7,391.6,0.64,85.7,0.78,127.06
STN002,Europe,2017,5/10/2017,44.6,17.7,761.2,10.1,52.7,1008.2,1735.2,388.2,0.57,92.7,0.73,242.18
STN003,Asia,2017,5/11/2017,33.8,13.7,434.5,18.8,42.8,1014.6,1481,411.9,0.68,84.8,0.89,221.05
STN002,Europe,2017,11/2/2017,28.9,19.8,506.1,15.8,71.9,1022.5,1811.7,404.4,0.91,89.8,0.85,55.29
STN002,Europe,2017,1/8/2017,24.3,16,821.8,19.3,51.5,1025.8,1164.4,390.6,0.99,85.6,0.89,116.58
STN001,North America,2017,2/3/2017,30.9,22.9,479.1,13.5,58.8,1001,1347.9,399.5,0.63,84.6,0.88,182.74
STN002,Europe,2017,2/4/2017,34.2,20.2,1196.4,5.7,69.3,1008,1606,389,0.97,96.2,0.89,157.19
STN001,North America,2017,2/5/2017,34.5,20,334,12.6,43.3,1000.6,2307.1,392.2,0.5,82.9,0.87,180.69
STN003,Asia,2017,2/6/2017,32.3,22.8,759.6,9.9,57.2,993.4,1172.2,388.3,0.98,88.3,0.86,72.58
STN002,Europe,2017,2/7/2017,34.2,20.2,1196.4,5.7,69.3,1008,1606,389,0.97,96.2,0.89,196.01
STN001,North America,2017,9/2/2017,30.8,10.3,327.1,17.8,48.8,999.4,1241.2,393.6,0.73,98.2,0.78,28.79
STN003,Asia,2017,9/3/2017,34.1,12.2,930.2,15.3,40.9,997.1,1080.8,413.1,0.91,89.9,0.73,101.4
STN003,Asia,2017,9/4/2017,21.4,18.9,828.5,10,52.4,993,2058.6,408,0.89,98.2,0.94,61.35
STN004,Africa,2017,12/1/2017,34.8,14,363.3,10.8,74.4,1015.3,1468.1,411,0.56,94.6,0.75,188.57
STN002,Europe,2017,12/2/2017,41.8,20.9,277,10.5,61.1,988.3,1296.4,403.1,0.89,85,0.9,117.17
STN001,North America,2017,12/3/2017,38.2,24.9,855.2,10.3,75.1,1000,1616.4,392.3,0.69,97.3,0.81,168.6
STN004,Africa,2017,2/6/2017,30.5,5.1,436.5,11.3,75.7,1019.4,1693.8,397.3,0.65,82.2,0.74,223.89
STN003,Asia,2017,2/7/2017,43.7,9.7,609.4,17.1,50.1,993.9,2192.8,387.9,0.52,87.3,0.89,16.06
STN002,Europe,2017,2/8/2017,43.5,14.6,840.9,8.9,72.7,1010.1,1640.3,384.6,0.55,83.7,0.97,77.88
STN001,North America,2017,2/9/2017,37.8,14.9,829.1,12.4,79.1,998.8,1992.4,389,0.89,93.4,0.78,38.66
STN004,Africa,2017,2/10/2017,32.8,9.3,377.1,6.8,68.9,996.8,1137.3,389.5,0.93,92.8,0.76,211.78
STN002,Europe,2017,2/11/2017,29.2,19.4,972.6,14.2,43.3,1029.7,2415.2,418.1,0.6,94.1,0.92,170.61
STN001,North America,2017,11/8/2017,36.5,24.7,354.4,13.2,47.5,991.9,1266.3,386.3,0.81,80.6,0.8,27.2
STN003,Asia,2017,10/2/2017,23.6,11.2,749.7,16.4,53.1,984.7,1950.4,384,0.84,97.9,0.97,223.81
STN004,Africa,2017,10/3/2017,30.3,15,563,16.5,45.7,989.8,1507.8,418.2,0.59,89.9,0.75,180.76
STN002,Europe,2017,10/4/2017,28.4,16.3,693.7,20,50.7,1019.2,2134,415.2,0.58,86.5,0.95,110.86
STN004,Africa,2017,7/4/2017,34.8,14,363.3,10.8,74.4,1015.3,1468.1,411,0.56,94.6,0.75,116.34
STN004,Africa,2017,7/9/2017,32.9,16.1,545.1,12,46.2,992.3,1531.3,414.2,0.6,84.8,0.85,110.38
STN002,Europe,2017,8/5/2017,20.2,12.5,1006,19.8,52,991.2,1875.2,386.7,0.98,92.5,0.89,238.69
STN004,Africa,2017,8/6/2017,40,14.1,1063.2,12.1,55.5,1011.6,1806.9,393.2,0.59,83.2,0.97,177.27
STN003,Asia,2017,8/7/2017,27.1,7.5,625.8,12.8,44.8,997.4,1696.9,393.1,0.85,99.7,0.76,92.84
STN004,Africa,2017,8/12/2017,34.3,6.3,707.8,16.7,68.6,1004.4,1522.9,397.5,0.76,97.2,0.9,249.02
STN002,Europe,2017,1/12/2017,42.6,19.7,1057.1,5.7,47,1009.2,1085.9,381.5,0.77,80.7,0.77,150.24
STN001,North America,2017,1/13/2017,42.8,17.4,1140.4,10.2,59.5,1020.4,2132.9,397.1,0.8,97.7,0.71,79.06
STN002,Europe,2017,5/9/2017,40.1,21.9,241.6,9.5,53,996.6,2212.3,387.3,0.85,89.4,0.88,53.83
STN003,Asia,2017,5/10/2017,21.4,18.9,828.5,10,52.4,993,2058.6,408,0.89,98.2,0.94,89.34
STN002,Europe,2017,1/8/2017,39.5,6.5,291.3,11.2,79.9,986.3,1419.7,386.1,0.76,88.6,0.82,23.99
STN004,Africa,2017,1/9/2017,34.3,6.3,707.8,16.7,68.6,1004.4,1522.9,397.5,0.76,97.2,0.9,43.4
STN003,Asia,2017,1/10/2017,34.4,23.2,404,7.3,73.9,1021.9,2220.1,391.5,0.87,86.6,0.89,200.96
STN004,Africa,2017,9/10/2017,30.3,15,563,16.5,45.7,989.8,1507.8,418.2,0.59,89.9,0.75,149.61
STN001,North America,2017,10/10/2017,38,19.8,456.7,17.5,64.3,1023.1,1241.7,400.5,0.69,99.2,0.9,13.14
STN001,North America,2017,10/11/2017,20.7,6.5,764.5,13.9,75,1028.6,1963.7,391.6,0.64,85.7,0.78,6.35
STN003,Asia,2017,10/12/2017,31.1,17,775.4,6,69.8,1018.3,1464.6,392.2,0.8,85.8,0.73,242.22
STN004,Africa,2017,1/1/2017,30.1,16.2,1174.8,10.5,47.3,1019.9,1272.3,405.5,0.9,97.4,0.8,100.59
STN001,North America,2017,1/2/2017,24.6,13,399.3,10.4,72.9,995.2,1952.5,400.8,0.65,90.5,0.91,59.95
STN003,Asia,2017,1/3/2017,32.4,14.9,1023.5,18.8,77.7,998.3,2369.7,391.4,0.66,96.4,0.73,58.22
STN001,North America,2017,1/6/2017,36.5,24.7,354.4,13.2,47.5,991.9,1266.3,386.3,0.81,80.6,0.8,112.58
STN002,Europe,2018,1/7/2017,44.5,18.7,868.2,9.5,44.8,1007.7,1848.4,419.8,0.64,85,0.87,237.87
STN003,Asia,2018,1/8/2017,22.4,22.1,1058.1,15.9,71.4,983.9,1717.4,405.6,0.53,94.6,0.8,185.13
STN002,Europe,2018,6/1/2018,43.5,14.6,840.9,8.9,72.7,1010.1,1640.3,384.6,0.55,83.7,0.97,67.05
STN001,North America,2018,6/2/2018,34.5,20,334,12.6,43.3,1000.6,2307.1,392.2,0.5,82.9,0.87,205.42
STN002,Europe,2018,2/1/2018,44.5,18.7,868.2,9.5,44.8,1007.7,1848.4,419.8,0.64,85,0.87,136.38
STN002,Europe,2018,2/2/2018,42.6,19.7,1057.1,5.7,47,1009.2,1085.9,381.5,0.77,80.7,0.77,31.72
STN002,Europe,2018,7/10/2018,43.5,14.6,840.9,8.9,72.7,1010.1,1640.3,384.6,0.55,83.7,0.97,229.87
STN001,North America,2018,7/11/2018,22.7,21,570.4,19.8,40.4,992.5,1743.6,402.3,0.97,82.4,0.9,16.58
STN002,Europe,2018,7/12/2018,26.8,9,707.8,7.4,69.6,995.1,1371.7,393.7,0.83,88.5,0.7,218.55
STN004,Africa,2018,7/13/2018,39.4,5.4,302.7,6.2,65,1028.5,2327.8,405.8,0.8,81.3,0.86,22.21
STN002,Europe,2018,7/14/2018,30.5,22.1,912.7,18.1,53.5,998.1,1032.2,383.7,0.54,95.2,0.71,147.6
STN001,North America,2018,4/12/2018,38,19.8,456.7,17.5,64.3,1023.1,1241.7,400.5,0.69,99.2,0.9,105.52
STN004,Africa,2018,4/13/2018,35.4,22.5,1112.7,8.4,50.5,992.7,1605.5,386,0.98,94.3,0.7,184.16
STN001,North America,2018,4/14/2018,24.6,13,399.3,10.4,72.9,995.2,1952.5,400.8,0.65,90.5,0.91,120.65
STN004,Africa,2018,3/12/2018,40,14.1,1063.2,12.1,55.5,1011.6,1806.9,393.2,0.59,83.2,0.97,33.94
STN001,North America,2018,3/13/2018,36,16.5,212.8,13.7,42.1,998.5,1631.5,403.4,0.77,80.1,0.7,131.2
STN004,Africa,2018,3/14/2018,40,14.1,1063.2,12.1,55.5,1011.6,1806.9,393.2,0.59,83.2,0.97,221.66
STN001,North America,2018,3/15/2018,28.7,20.9,277.3,6.1,49.9,1004.6,2002.6,407.2,0.92,95.2,0.85,78.66
STN004,Africa,2018,3/16/2018,30.1,16.2,1174.8,10.5,47.3,1019.9,1272.3,405.5,0.9,97.4,0.8,207.26
STN003,Asia,2018,8/8/2018,20.6,14,363.2,7.8,73.5,995.1,1406.1,402,0.57,92.2,0.99,173.46
STN003,Asia,2018,5/11/2018,32.9,19.6,360.3,12.8,70.7,1019.8,2253.3,403.8,0.51,82.4,0.9,132.57
STN001,North America,2018,5/12/2018,38.2,24.9,855.2,10.3,75.1,1000,1616.4,392.3,0.69,97.3,0.81,108.23
STN004,Africa,2018,5/13/2018,32.2,6.4,881.8,19.6,56.4,1007.3,1963.2,406.6,0.95,82.2,0.97,240.46
STN002,Europe,2018,7/8/2018,29.2,19.4,972.6,14.2,43.3,1029.7,2415.2,418.1,0.6,94.1,0.92,95.76
STN002,Europe,2018,7/9/2018,29.2,19.4,972.6,14.2,43.3,1029.7,2415.2,418.1,0.6,94.1,0.92,50.14
STN002,Europe,2018,7/10/2018,42.6,19.7,1057.1,5.7,47,1009.2,1085.9,381.5,0.77,80.7,0.77,85.44
STN003,Asia,2018,7/11/2018,24.8,13.6,1008.1,17.9,74.4,1000.6,1021.1,411,0.6,88.2,0.95,117.1
STN002,Europe,2018,6/7/2018,20.7,24,255.3,9.4,46,1001.7,1656.2,391.5,0.52,81.5,0.77,102.8
STN002,Europe,2018,7/2/2018,43.5,14.6,840.9,8.9,72.7,1010.1,1640.3,384.6,0.55,83.7,0.97,31.57
STN001,North America,2018,7/3/2018,36,16.5,212.8,13.7,42.1,998.5,1631.5,403.4,0.77,80.1,0.7,1.01
STN001,North America,2018,7/4/2018,30.9,22.9,479.1,13.5,58.8,1001,1347.9,399.5,0.63,84.6,0.88,119.99
STN002,Europe,2018,7/11/2018,24.3,16,821.8,19.3,51.5,1025.8,1164.4,390.6,0.99,85.6,0.89,176.67
STN002,Europe,2018,7/12/2018,43.5,14.6,840.9,8.9,72.7,1010.1,1640.3,384.6,0.55,83.7,0.97,221.16
STN002,Europe,2018,1/6/2018,20.7,24,255.3,9.4,46,1001.7,1656.2,391.5,0.52,81.5,0.77,139.62
STN002,Europe,2018,1/7/2018,42.6,19.7,1057.1,5.7,47,1009.2,1085.9,381.5,0.77,80.7,0.77,59.5
STN003,Asia,2018,1/8/2018,25.5,11.1,896.4,19.8,56.7,995.1,2454.4,402.7,0.8,98.9,0.91,71.32
STN002,Europe,2018,1/9/2018,24.3,16,821.8,19.3,51.5,1025.8,1164.4,390.6,0.99,85.6,0.89,94.44
STN003,Asia,2018,4/6/2018,20.6,14,363.2,7.8,73.5,995.1,1406.1,402,0.57,92.2,0.99,246.05
STN004,Africa,2018,4/7/2018,34.3,6.3,707.8,16.7,68.6,1004.4,1522.9,397.5,0.76,97.2,0.9,91.85
STN004,Africa,2018,4/2/2018,20.7,14.2,815.4,6.8,43.5,981.9,2019.3,390,0.68,90.2,0.96,204.65
STN003,Asia,2018,4/3/2018,23.3,6.8,865,7,63.1,992.1,1686.1,397.5,0.65,86.3,0.98,108.73
STN001,North America,2018,4/4/2018,33.9,16.5,207.4,8.5,74.8,987,1580.5,397.4,0.53,98.6,0.97,83.13
STN003,Asia,2018,4/5/2018,24.7,11.1,958.8,18.3,47.8,1007.8,1031.1,382.3,0.98,92.7,0.8,67.77
STN004,Africa,2018,4/6/2018,39.1,16,1157,5.1,42.6,991.5,1503.3,393.1,0.76,95.1,0.87,200.03
STN002,Europe,2018,4/7/2018,43.5,14.6,840.9,8.9,72.7,1010.1,1640.3,384.6,0.55,83.7,0.97,234.06
STN004,Africa,2018,12/7/2018,20.7,14.2,815.4,6.8,43.5,981.9,2019.3,390,0.68,90.2,0.96,129.49
STN004,Africa,2018,12/8/2018,34.6,10.9,224.2,14.7,50.6,1005.8,2341.4,396,0.9,90.1,0.82,157.14
STN003,Asia,2018,11/10/2018,34.4,23.2,404,7.3,73.9,1021.9,2220.1,391.5,0.87,86.6,0.89,63.92
STN004,Africa,2018,11/11/2018,30.5,5.1,436.5,11.3,75.7,1019.4,1693.8,397.3,0.65,82.2,0.74,21.37
STN001,North America,2018,11/12/2018,38.2,24.9,855.2,10.3,75.1,1000,1616.4,392.3,0.69,97.3,0.81,56.76
STN001,North America,2018,11/13/2018,20.1,6.3,486.4,11.4,75.1,991.4,2206.1,403.6,0.56,96.1,0.89,106.38
STN003,Asia,2018,7/4/2018,34.4,23.2,404,7.3,73.9,1021.9,2220.1,391.5,0.87,86.6,0.89,234.08
STN003,Asia,2019,7/5/2018,24.8,13.6,1008.1,17.9,74.4,1000.6,1021.1,411,0.6,88.2,0.95,138.03
STN001,North America,2019,7/6/2018,34.5,20,334,12.6,43.3,1000.6,2307.1,392.2,0.5,82.9,0.87,49.5
STN002,Europe,2019,7/7/2018,23,12.2,711,17.7,70.2,1018.5,2240,418.6,0.61,91.2,0.77,244.65
STN003,Asia,2019,3/12/2019,24.8,13.6,1008.1,17.9,74.4,1000.6,1021.1,411,0.6,88.2,0.95,208.93
STN003,Asia,2019,3/13/2019,34.4,23.2,404,7.3,73.9,1021.9,2220.1,391.5,0.87,86.6,0.89,60.74
STN004,Africa,2019,6/1/2019,40,14.1,1063.2,12.1,55.5,1011.6,1806.9,393.2,0.59,83.2,0.97,71.19
STN003,Asia,2019,8/1/2019,20.6,14,363.2,7.8,73.5,995.1,1406.1,402,0.57,92.2,0.99,217.58
STN001,North America,2019,8/2/2019,28.7,20.9,277.3,6.1,49.9,1004.6,2002.6,407.2,0.92,95.2,0.85,114.86
STN004,Africa,2019,8/3/2019,20.7,14.2,815.4,6.8,43.5,981.9,2019.3,390,0.68,90.2,0.96,196.56
STN002,Europe,2019,8/4/2019,44.6,17.7,761.2,10.1,52.7,1008.2,1735.2,388.2,0.57,92.7,0.73,32.18
STN004,Africa,2019,8/5/2019,30.5,5.1,436.5,11.3,75.7,1019.4,1693.8,397.3,0.65,82.2,0.74,57.61
STN002,Europe,2019,4/12/2019,43.5,14.6,840.9,8.9,72.7,1010.1,1640.3,384.6,0.55,83.7,0.97,76.1
STN003,Asia,2019,4/13/2019,24.8,13.6,1008.1,17.9,74.4,1000.6,1021.1,411,0.6,88.2,0.95,115.78
STN004,Africa,2019,4/14/2019,39.1,16,1157,5.1,42.6,991.5,1503.3,393.1,0.76,95.1,0.87,159.05
STN001,North America,2019,5/7/2019,33.9,16.5,207.4,8.5,74.8,987,1580.5,397.4,0.53,98.6,0.97,158.96
STN004,Africa,2019,6/8/2019,38.1,11.5,399.5,19.4,57.2,1019.2,1874.7,414.3,0.72,90.8,0.93,185.93
STN002,Europe,2019,11/5/2019,36.9,17.5,1028.6,9.9,78.3,987.6,1821.5,399,0.95,86.8,0.77,176.34
STN004,Africa,2019,11/6/2019,32.9,16.1,545.1,12,46.2,992.3,1531.3,414.2,0.6,84.8,0.85,166.21
STN004,Africa,2019,10/2/2019,39.4,5.4,302.7,6.2,65,1028.5,2327.8,405.8,0.8,81.3,0.86,232.92
STN003,Asia,2019,10/3/2019,41.4,17.8,462.4,15.3,54,1005.7,1868.4,390.6,0.52,86.4,0.75,164.43
STN004,Africa,2019,10/4/2019,34.3,6.3,707.8,16.7,68.6,1004.4,1522.9,397.5,0.76,97.2,0.9,209.13
STN003,Asia,2019,9/10/2019,40,18.4,588.3,13.5,60.1,1021.6,1347.1,419.1,0.72,80.5,0.98,121.04
STN001,North America,2019,1/9/2019,24.6,13,399.3,10.4,72.9,995.2,1952.5,400.8,0.65,90.5,0.91,4.57
STN002,Europe,2019,1/10/2019,40.1,21.9,241.6,9.5,53,996.6,2212.3,387.3,0.85,89.4,0.88,7.07
STN001,North America,2019,3/12/2019,42.8,17.4,1140.4,10.2,59.5,1020.4,2132.9,397.1,0.8,97.7,0.71,202.53
STN001,North America,2019,3/13/2019,36,16.5,212.8,13.7,42.1,998.5,1631.5,403.4,0.77,80.1,0.7,40.02
STN001,North America,2019,10/4/2019,21.7,7.7,944.6,17.7,45,1020.3,1723.3,385.1,0.65,96.1,0.92,17.25
STN001,North America,2019,10/5/2019,22.7,21,570.4,19.8,40.4,992.5,1743.6,402.3,0.97,82.4,0.9,168.35
STN004,Africa,2019,3/11/2019,35.4,22.5,1112.7,8.4,50.5,992.7,1605.5,386,0.98,94.3,0.7,225.63
STN002,Europe,2019,2/3/2019,23,12.2,711,17.7,70.2,1018.5,2240,418.6,0.61,91.2,0.77,78.15
STN004,Africa,2019,10/10/2019,44.6,16.4,380.7,8.3,72.2,1004.3,1015.5,413.5,0.68,86,0.81,76.69
STN002,Europe,2019,3/4/2019,28.9,19.8,506.1,15.8,71.9,1022.5,1811.7,404.4,0.91,89.8,0.85,235.46
STN004,Africa,2019,3/5/2019,35.4,22.5,1112.7,8.4,50.5,992.7,1605.5,386,0.98,94.3,0.7,26.83
STN004,Africa,2019,2/2/2019,44.6,16.4,380.7,8.3,72.2,1004.3,1015.5,413.5,0.68,86,0.81,95.93
STN003,Asia,2019,2/3/2019,24.7,11.1,958.8,18.3,47.8,1007.8,1031.1,382.3,0.98,92.7,0.8,114.77
STN001,North America,2019,2/2/2019,30.9,22.9,479.1,13.5,58.8,1001,1347.9,399.5,0.63,84.6,0.88,147.34
STN003,Asia,2019,2/3/2019,23.3,6.8,865,7,63.1,992.1,1686.1,397.5,0.65,86.3,0.98,73.01
STN003,Asia,2019,2/4/2019,32.3,22.8,759.6,9.9,57.2,993.4,1172.2,388.3,0.98,88.3,0.86,83.87
STN002,Europe,2019,8/5/2019,29.2,19.4,972.6,14.2,43.3,1029.7,2415.2,418.1,0.6,94.1,0.92,174.1
STN003,Asia,2019,8/6/2019,33.2,13.8,924.3,17.4,75.7,995.2,1208.5,394.9,0.59,95.4,0.89,30.72
STN003,Asia,2019,1/9/2019,21.4,18.9,828.5,10,52.4,993,2058.6,408,0.89,98.2,0.94,170.9
STN004,Africa,2019,1/10/2019,30.1,16.2,1174.8,10.5,47.3,1019.9,1272.3,405.5,0.9,97.4,0.8,23.17
STN001,North America,2019,1/11/2019,38.2,24.9,855.2,10.3,75.1,1000,1616.4,392.3,0.69,97.3,0.81,165.89
STN004,Africa,2019,1/12/2019,44.6,16.4,380.7,8.3,72.2,1004.3,1015.5,413.5,0.68,86,0.81,131.52
STN003,Asia,2019,1/13/2019,21.4,18.9,828.5,10,52.4,993,2058.6,408,0.89,98.2,0.94,198.57
STN004,Africa,2019,11/3/2019,30.7,17.8,800.1,10.8,40.5,985.8,1991.6,397.5,0.96,86.5,0.77,186.7
STN001,North America,2019,11/4/2019,42.8,17.4,1140.4,10.2,59.5,1020.4,2132.9,397.1,0.8,97.7,0.71,110.83
STN003,Asia,2019,11/5/2019,21.4,18.9,828.5,10,52.4,993,2058.6,408,0.89,98.2,0.94,24.5
STN004,Africa,2020,11/7/2020,34.6,10.9,224.2,14.7,50.6,1005.8,2341.4,396,0.9,90.1,0.82,90.99
STN003,Asia,2020,4/7/2020,20.6,14,363.2,7.8,73.5,995.1,1406.1,402,0.57,92.2,0.99,30.4
STN002,Europe,2020,4/8/2020,28.4,16.3,693.7,20,50.7,1019.2,2134,415.2,0.58,86.5,0.95,57.15
STN001,North America,2020,9/12/2020,28.2,15.2,663.3,11.5,51.2,1026.9,1099.9,386.3,0.8,84.6,0.86,184.72
STN003,Asia,2020,1/4/2020,20.6,14,363.2,7.8,73.5,995.1,1406.1,402,0.57,92.2,0.99,146.68
STN004,Africa,2020,1/5/2020,30.5,5.1,436.5,11.3,75.7,1019.4,1693.8,397.3,0.65,82.2,0.74,246.34
STN001,North America,2020,2/4/2020,28.2,15.2,663.3,11.5,51.2,1026.9,1099.9,386.3,0.8,84.6,0.86,153.14
STN004,Africa,2020,2/5/2020,44.6,16.4,380.7,8.3,72.2,1004.3,1015.5,413.5,0.68,86,0.81,127.77
STN002,Europe,2020,2/6/2020,28.4,16.3,693.7,20,50.7,1019.2,2134,415.2,0.58,86.5,0.95,190.34
STN003,Asia,2020,7/4/2020,24.8,13.6,1008.1,17.9,74.4,1000.6,1021.1,411,0.6,88.2,0.95,207.7
STN004,Africa,2020,8/6/2020,32.2,6.4,881.8,19.6,56.4,1007.3,1963.2,406.6,0.95,82.2,0.97,201.22
STN003,Asia,2020,7/2/2020,24.8,13.6,1008.1,17.9,74.4,1000.6,1021.1,411,0.6,88.2,0.95,14.58
STN001,North America,2020,6/6/2020,36,16.5,212.8,13.7,42.1,998.5,1631.5,403.4,0.77,80.1,0.7,56.41
STN004,Africa,2020,4/11/2020,44.6,16.4,380.7,8.3,72.2,1004.3,1015.5,413.5,0.68,86,0.81,97.58
STN004,Africa,2020,4/12/2020,40,14.1,1063.2,12.1,55.5,1011.6,1806.9,393.2,0.59,83.2,0.97,114.51
STN003,Asia,2020,4/13/2020,43.7,9.7,609.4,17.1,50.1,993.9,2192.8,387.9,0.52,87.3,0.89,20.44
STN002,Europe,2020,1/9/2020,43.5,14.6,840.9,8.9,72.7,1010.1,1640.3,384.6,0.55,83.7,0.97,17.03
STN002,Europe,2020,1/10/2020,24.3,5.6,604.3,19.6,52.7,1012.2,1038,384.4,0.59,90.2,0.75,204.07
STN004,Africa,2020,1/11/2020,38.1,11.5,399.5,19.4,57.2,1019.2,1874.7,414.3,0.72,90.8,0.93,103.29
STN002,Europe,2020,1/12/2020,36.9,17.5,1028.6,9.9,78.3,987.6,1821.5,399,0.95,86.8,0.77,62.52
STN004,Africa,2020,9/2/2020,39.4,5.4,302.7,6.2,65,1028.5,2327.8,405.8,0.8,81.3,0.86,89.39
STN001,North America,2020,2/1/2020,38.2,24.9,855.2,10.3,75.1,1000,1616.4,392.3,0.69,97.3,0.81,55.62
STN003,Asia,2020,7/10/2020,41.4,17.8,462.4,15.3,54,1005.7,1868.4,390.6,0.52,86.4,0.75,83.35
STN004,Africa,2020,7/10/2020,20.7,14.2,815.4,6.8,43.5,981.9,2019.3,390,0.68,90.2,0.96,3.78
STN003,Asia,2020,1/12/2020,41.4,17.8,462.4,15.3,54,1005.7,1868.4,390.6,0.52,86.4,0.75,192.08
STN003,Asia,2020,9/11/2020,23.6,11.2,749.7,16.4,53.1,984.7,1950.4,384,0.84,97.9,0.97,169.19
STN003,Asia,2020,9/11/2020,22.4,22.1,1058.1,15.9,71.4,983.9,1717.4,405.6,0.53,94.6,0.8,41.38
STN004,Africa,2020,9/11/2020,30.3,15,563,16.5,45.7,989.8,1507.8,418.2,0.59,89.9,0.75,238.58
STN004,Africa,2020,3/7/2020,20.7,14.2,815.4,6.8,43.5,981.9,2019.3,390,0.68,90.2,0.96,88.6
STN003,Asia,2020,7/4/2020,32.3,22.8,759.6,9.9,57.2,993.4,1172.2,388.3,0.98,88.3,0.86,159.06
STN001,North America,2020,2/12/2020,38.2,24.9,855.2,10.3,75.1,1000,1616.4,392.3,0.69,97.3,0.81,116.21
STN003,Asia,2020,1/10/2020,27.1,7.5,625.8,12.8,44.8,997.4,1696.9,393.1,0.85,99.7,0.76,25.82
STN002,Europe,2020,1/10/2020,44.5,18.7,868.2,9.5,44.8,1007.7,1848.4,419.8,0.64,85,0.87,55.96
STN002,Europe,2020,8/8/2020,24.3,5.6,604.3,19.6,52.7,1012.2,1038,384.4,0.59,90.2,0.75,30.93
STN002,Europe,2020,8/6/2020,30.5,22.1,912.7,18.1,53.5,998.1,1032.2,383.7,0.54,95.2,0.71,55.63
STN003,Asia,2020,8/4/2020,34.4,23.2,404,7.3,73.9,1021.9,2220.1,391.5,0.87,86.6,0.89,83.17
STN001,North America,2020,12/9/2020,30.9,22.9,479.1,13.5,58.8,1001,1347.9,399.5,0.63,84.6,0.88,147.11
STN002,Europe,2020,12/9/2020,39.5,6.5,291.3,11.2,79.9,986.3,1419.7,386.1,0.76,88.6,0.82,226.55
STN004,Africa,2020,4/7/2020,30.3,15,563,16.5,45.7,989.8,1507.8,418.2,0.59,89.9,0.75,147.31
STN004,Africa,2020,7/7/2020,32.8,9.3,377.1,6.8,68.9,996.8,1137.3,389.5,0.93,92.8,0.76,234.59
STN004,Africa,2020,7/7/2020,32.3,5.8,892.9,13.6,41.7,1001.2,1788.5,388.5,0.66,99.4,0.95,101.22
STN002,Europe,2020,10/12/2020,20.2,12.5,1006,19.8,52,991.2,1875.2,386.7,0.98,92.5,0.89,128.53
STN002,Europe,2020,8/12/2020,40.1,21.9,241.6,9.5,53,996.6,2212.3,387.3,0.85,89.4,0.88,181.01
STN004,Africa,2020,1/2/2020,34.8,14,363.3,10.8,74.4,1015.3,1468.1,411,0.56,94.6,0.75,14.11
STN003,Asia,2020,1/3/2020,25.5,11.1,896.4,19.8,56.7,995.1,2454.4,402.7,0.8,98.9,0.91,78.9
STN003,Asia,2020,1/4/2020,33.2,13.8,924.3,17.4,75.7,995.2,1208.5,394.9,0.59,95.4,0.89,45.14
STN001,North America,2020,1/5/2020,20.7,6.5,764.5,13.9,75,1028.6,1963.7,391.6,0.64,85.7,0.78,203.41
STN003,Asia,2020,4/3/2020,32.9,19.6,360.3,12.8,70.7,1019.8,2253.3,403.8,0.51,82.4,0.9,112.71
STN004,Africa,2020,4/4/2020,32.8,9.3,377.1,6.8,68.9,996.8,1137.3,389.5,0.93,92.8,0.76,235.28
STN003,Asia,2020,12/8/2020,20.6,14,363.2,7.8,73.5,995.1,1406.1,402,0.57,92.2,0.99,139.39
STN002,Europe,2021,5/12/2021,24.3,16,821.8,19.3,51.5,1025.8,1164.4,390.6,0.99,85.6,0.89,95.29
STN002,Europe,2021,4/8/2021,20.7,24,255.3,9.4,46,1001.7,1656.2,391.5,0.52,81.5,0.77,178.98
STN004,Africa,2021,4/9/2021,39.1,16,1157,5.1,42.6,991.5,1503.3,393.1,0.76,95.1,0.87,147.21
STN001,North America,2021,12/11/2021,43.1,20.5,582.8,15.7,46.6,992.3,1371,398.5,0.54,81,0.97,85.88
STN002,Europe,2021,12/12/2021,23.3,18.4,499.7,11.5,43.1,980.1,1376.7,389.2,0.75,97.9,0.73,187.65
STN001,North America,2021,12/13/2021,24.6,13,399.3,10.4,72.9,995.2,1952.5,400.8,0.65,90.5,0.91,196.28
STN001,North America,2021,3/7/2021,33.9,16.5,207.4,8.5,74.8,987,1580.5,397.4,0.53,98.6,0.97,2.56
STN004,Africa,2021,3/8/2021,44.5,18.3,800.8,19.9,56.2,988.2,2429,407.2,0.89,84.4,0.91,122.93
STN001,North America,2021,3/9/2021,34.5,20,334,12.6,43.3,1000.6,2307.1,392.2,0.5,82.9,0.87,242.03
STN003,Asia,2021,6/6/2021,41.4,17.8,462.4,15.3,54,1005.7,1868.4,390.6,0.52,86.4,0.75,242.29
STN004,Africa,2021,2/3/2021,34.3,6.3,707.8,16.7,68.6,1004.4,1522.9,397.5,0.76,97.2,0.9,193.95
STN004,Africa,2021,2/4/2021,40,14.1,1063.2,12.1,55.5,1011.6,1806.9,393.2,0.59,83.2,0.97,133.06
STN002,Europe,2021,2/5/2021,36.9,17.5,1028.6,9.9,78.3,987.6,1821.5,399,0.95,86.8,0.77,162.43
STN004,Africa,2021,9/12/2021,20.7,14.2,815.4,6.8,43.5,981.9,2019.3,390,0.68,90.2,0.96,228.06
STN004,Africa,2021,9/13/2021,30.3,15,563,16.5,45.7,989.8,1507.8,418.2,0.59,89.9,0.75,194.37
STN002,Europe,2021,9/14/2021,28.9,19.8,506.1,15.8,71.9,1022.5,1811.7,404.4,0.91,89.8,0.85,225.05
STN001,North America,2021,9/15/2021,33.9,16.5,207.4,8.5,74.8,987,1580.5,397.4,0.53,98.6,0.97,249.1
STN001,North America,2021,4/5/2021,21.7,7.7,944.6,17.7,45,1020.3,1723.3,385.1,0.65,96.1,0.92,75.62
STN002,Europe,2021,4/6/2021,30.5,22.1,912.7,18.1,53.5,998.1,1032.2,383.7,0.54,95.2,0.71,247.9
STN001,North America,2021,4/7/2021,42.8,17.4,1140.4,10.2,59.5,1020.4,2132.9,397.1,0.8,97.7,0.71,218.03
STN003,Asia,2021,11/7/2021,32.9,19.6,360.3,12.8,70.7,1019.8,2253.3,403.8,0.51,82.4,0.9,195.15
STN001,North America,2021,11/8/2021,34.5,20,334,12.6,43.3,1000.6,2307.1,392.2,0.5,82.9,0.87,28.38
STN002,Europe,2021,5/10/2021,24.3,16,821.8,19.3,51.5,1025.8,1164.4,390.6,0.99,85.6,0.89,200.43
STN003,Asia,2021,2/6/2021,23.6,11.2,749.7,16.4,53.1,984.7,1950.4,384,0.84,97.9,0.97,118.58
STN003,Asia,2021,8/8/2021,40,18.4,588.3,13.5,60.1,1021.6,1347.1,419.1,0.72,80.5,0.98,157.74
STN001,North America,2021,9/2/2021,30.8,10.3,327.1,17.8,48.8,999.4,1241.2,393.6,0.73,98.2,0.78,150.83
STN004,Africa,2021,9/3/2021,34.6,10.9,224.2,14.7,50.6,1005.8,2341.4,396,0.9,90.1,0.82,169.71
STN001,North America,2021,7/6/2021,34.5,20,334,12.6,43.3,1000.6,2307.1,392.2,0.5,82.9,0.87,40.96
STN003,Asia,2021,7/6/2021,41.4,17.8,462.4,15.3,54,1005.7,1868.4,390.6,0.52,86.4,0.75,44.37
STN001,North America,2021,3/10/2021,29.1,20.3,799.2,17.6,67.5,1020.6,1227.7,381,0.54,90.4,0.8,112.69
STN001,North America,2021,7/2/2021,20.7,6.5,764.5,13.9,75,1028.6,1963.7,391.6,0.64,85.7,0.78,68.93
STN001,North America,2021,7/6/2021,20.7,6.5,764.5,13.9,75,1028.6,1963.7,391.6,0.64,85.7,0.78,117.38
STN001,North America,2021,7/6/2021,22.7,21,570.4,19.8,40.4,992.5,1743.6,402.3,0.97,82.4,0.9,194.52
STN003,Asia,2021,7/2/2021,33.2,13.8,924.3,17.4,75.7,995.2,1208.5,394.9,0.59,95.4,0.89,127.46
STN001,North America,2021,9/11/2021,34.5,20,334,12.6,43.3,1000.6,2307.1,392.2,0.5,82.9,0.87,190.78
STN004,Africa,2021,6/1/2021,39.1,16,1157,5.1,42.6,991.5,1503.3,393.1,0.76,95.1,0.87,149.33
STN002,Europe,2021,6/1/2021,41.8,20.9,277,10.5,61.1,988.3,1296.4,403.1,0.89,85,0.9,139.05
STN004,Africa,2021,6/1/2021,34.8,14,363.3,10.8,74.4,1015.3,1468.1,411,0.56,94.6,0.75,224.45
STN001,North America,2021,6/1/2021,37.8,14.9,829.1,12.4,79.1,998.8,1992.4,389,0.89,93.4,0.78,104.1
STN002,Europe,2021,10/11/2021,30.5,22.1,912.7,18.1,53.5,998.1,1032.2,383.7,0.54,95.2,0.71,228.75
STN002,Europe,2021,10/11/2021,41.8,20.9,277,10.5,61.1,988.3,1296.4,403.1,0.89,85,0.9,95.81
STN004,Africa,2021,10/11/2021,34.8,14,363.3,10.8,74.4,1015.3,1468.1,411,0.56,94.6,0.75,131.58
STN004,Africa,2021,4/2/2021,32.3,5.8,892.9,13.6,41.7,1001.2,1788.5,388.5,0.66,99.4,0.95,91.44
STN001,North America,2021,4/2/2021,28.2,15.2,663.3,11.5,51.2,1026.9,1099.9,386.3,0.8,84.6,0.86,234.29
STN004,Africa,2021,8/5/2021,44.5,18.3,800.8,19.9,56.2,988.2,2429,407.2,0.89,84.4,0.91,219.35
STN002,Europe,2021,8/6/2021,28.4,16.3,693.7,20,50.7,1019.2,2134,415.2,0.58,86.5,0.95,172.82
STN004,Africa,2021,8/7/2021,30.5,5.1,436.5,11.3,75.7,1019.4,1693.8,397.3,0.65,82.2,0.74,122.02
STN001,North America,2021,7/6/2021,37.8,14.9,829.1,12.4,79.1,998.8,1992.4,389,0.89,93.4,0.78,200.79
STN002,Europe,2021,7/6/2021,29.2,19.4,972.6,14.2,43.3,1029.7,2415.2,418.1,0.6,94.1,0.92,105.03
STN002,Europe,2021,2/7/2021,39.5,6.5,291.3,11.2,79.9,986.3,1419.7,386.1,0.76,88.6,0.82,51.07
STN004,Africa,2022,11/12/2022,37,24,294.9,12.4,62.6,980.9,2158.9,395.2,0.86,84.8,0.92,115.85
STN002,Europe,2022,4/5/2022,28.4,16.3,693.7,20,50.7,1019.2,2134,415.2,0.58,86.5,0.95,5.53
STN003,Asia,2022,4/5/2022,34.4,23.2,404,7.3,73.9,1021.9,2220.1,391.5,0.87,86.6,0.89,132.41
STN003,Asia,2022,5/7/2022,43.7,9.7,609.4,17.1,50.1,993.9,2192.8,387.9,0.52,87.3,0.89,66.02
STN004,Africa,2022,3/3/2022,34.3,6.3,707.8,16.7,68.6,1004.4,1522.9,397.5,0.76,97.2,0.9,4.03
STN004,Africa,2022,3/3/2022,34.8,14,363.3,10.8,74.4,1015.3,1468.1,411,0.56,94.6,0.75,117.02
STN001,North America,2022,3/3/2022,30.9,22.9,479.1,13.5,58.8,1001,1347.9,399.5,0.63,84.6,0.88,49.08
STN004,Africa,2022,11/1/2022,30.1,16.2,1174.8,10.5,47.3,1019.9,1272.3,405.5,0.9,97.4,0.8,206.46
STN001,North America,2022,5/2/2022,38,19.8,456.7,17.5,64.3,1023.1,1241.7,400.5,0.69,99.2,0.9,133.65
STN003,Asia,2022,5/2/2022,32.9,19.6,360.3,12.8,70.7,1019.8,2253.3,403.8,0.51,82.4,0.9,26.66
STN003,Asia,2022,5/2/2022,33.2,13.8,924.3,17.4,75.7,995.2,1208.5,394.9,0.59,95.4,0.89,171.57
STN001,North America,2022,5/2/2022,20.7,6.5,764.5,13.9,75,1028.6,1963.7,391.6,0.64,85.7,0.78,170.17
STN003,Asia,2022,3/11/2022,31.1,17,775.4,6,69.8,1018.3,1464.6,392.2,0.8,85.8,0.73,179.39
STN001,North America,2022,10/4/2022,36.5,24.7,354.4,13.2,47.5,991.9,1266.3,386.3,0.81,80.6,0.8,246.57
STN002,Europe,2022,10/4/2022,23.3,18.4,499.7,11.5,43.1,980.1,1376.7,389.2,0.75,97.9,0.73,59.41
STN002,Europe,2022,2/11/2022,23,12.2,711,17.7,70.2,1018.5,2240,418.6,0.61,91.2,0.77,97.03
STN004,Africa,2022,12/4/2022,30.3,15,563,16.5,45.7,989.8,1507.8,418.2,0.59,89.9,0.75,144.23
STN004,Africa,2022,12/4/2022,39.4,5.4,302.7,6.2,65,1028.5,2327.8,405.8,0.8,81.3,0.86,110.99
STN001,North America,2022,12/4/2022,38.2,24.9,855.2,10.3,75.1,1000,1616.4,392.3,0.69,97.3,0.81,175.95
STN003,Asia,2022,12/4/2022,23.3,6.8,865,7,63.1,992.1,1686.1,397.5,0.65,86.3,0.98,28.5
STN004,Africa,2022,11/6/2022,44.6,16.4,380.7,8.3,72.2,1004.3,1015.5,413.5,0.68,86,0.81,203.7
STN003,Asia,2022,11/6/2022,33.2,13.8,924.3,17.4,75.7,995.2,1208.5,394.9,0.59,95.4,0.89,196.59
STN003,Asia,2022,12/5/2022,32.3,22.8,759.6,9.9,57.2,993.4,1172.2,388.3,0.98,88.3,0.86,6.64
STN001,North America,2022,12/5/2022,38,19.8,456.7,17.5,64.3,1023.1,1241.7,400.5,0.69,99.2,0.9,229.72
STN002,Europe,2022,12/5/2022,28.9,19.8,506.1,15.8,71.9,1022.5,1811.7,404.4,0.91,89.8,0.85,65.22
STN002,Europe,2022,5/6/2022,29.2,19.4,972.6,14.2,43.3,1029.7,2415.2,418.1,0.6,94.1,0.92,195.63
STN002,Europe,2022,5/6/2022,23,12.2,711,17.7,70.2,1018.5,2240,418.6,0.61,91.2,0.77,180.33
STN003,Asia,2022,5/6/2022,32.4,14.9,1023.5,18.8,77.7,998.3,2369.7,391.4,0.66,96.4,0.73,96.95
STN001,North America,2022,5/6/2022,34.5,20,334,12.6,43.3,1000.6,2307.1,392.2,0.5,82.9,0.87,96.26
STN003,Asia,2022,8/6/2022,27.1,7.5,625.8,12.8,44.8,997.4,1696.9,393.1,0.85,99.7,0.76,98.44
STN003,Asia,2022,8/6/2022,21.4,18.9,828.5,10,52.4,993,2058.6,408,0.89,98.2,0.94,192.39
STN002,Europe,2022,8/6/2022,30.5,22.1,912.7,18.1,53.5,998.1,1032.2,383.7,0.54,95.2,0.71,3.22
STN003,Asia,2022,8/5/2022,32.4,14.9,1023.5,18.8,77.7,998.3,2369.7,391.4,0.66,96.4,0.73,10.62
STN002,Europe,2022,8/4/2022,44.6,17.7,761.2,10.1,52.7,1008.2,1735.2,388.2,0.57,92.7,0.73,162.57
STN002,Europe,2022,5/5/2022,29.2,19.4,972.6,14.2,43.3,1029.7,2415.2,418.1,0.6,94.1,0.92,172.66
STN001,North America,2022,5/5/2022,42.1,15.5,616.4,14.4,66.9,990.5,1764.8,416.1,0.58,86.2,0.73,75.65
STN001,North America,2022,6/9/2022,36,16.5,212.8,13.7,42.1,998.5,1631.5,403.4,0.77,80.1,0.7,18.72
STN003,Asia,2022,6/9/2022,34.4,23.2,404,7.3,73.9,1021.9,2220.1,391.5,0.87,86.6,0.89,139.09
STN004,Africa,2022,2/6/2022,32.9,16.1,545.1,12,46.2,992.3,1531.3,414.2,0.6,84.8,0.85,247.78
STN001,North America,2022,7/9/2022,22.7,21,570.4,19.8,40.4,992.5,1743.6,402.3,0.97,82.4,0.9,108.47
STN003,Asia,2022,7/9/2022,40,18.4,588.3,13.5,60.1,1021.6,1347.1,419.1,0.72,80.5,0.98,39.29
STN003,Asia,2022,7/9/2022,20.6,14,363.2,7.8,73.5,995.1,1406.1,402,0.57,92.2,0.99,210.99
STN002,Europe,2022,7/9/2022,28.4,16.3,693.7,20,50.7,1019.2,2134,415.2,0.58,86.5,0.95,174.8
STN004,Africa,2022,7/6/2022,35.4,22.5,1112.7,8.4,50.5,992.7,1605.5,386,0.98,94.3,0.7,127.79
STN004,Africa,2022,7/6/2022,32.2,6.4,881.8,19.6,56.4,1007.3,1963.2,406.6,0.95,82.2,0.97,246.66
STN003,Asia,2022,7/6/2022,40,18.4,588.3,13.5,60.1,1021.6,1347.1,419.1,0.72,80.5,0.98,16.49
STN001,North America,2022,7/6/2022,42.1,15.5,616.4,14.4,66.9,990.5,1764.8,416.1,0.58,86.2,0.73,105.7
STN004,Africa,2022,7/6/2022,32.8,9.3,377.1,6.8,68.9,996.8,1137.3,389.5,0.93,92.8,0.76,95.57
STN002,Europe,2022,7/6/2022,23,12.2,711,17.7,70.2,1018.5,2240,418.6,0.61,91.2,0.77,127.26
STN003,Asia,2022,5/4/2022,22.4,22.1,1058.1,15.9,71.4,983.9,1717.4,405.6,0.53,94.6,0.8,234.65
STN003,Asia,2022,11/5/2022,23.3,6.8,865,7,63.1,992.1,1686.1,397.5,0.65,86.3,0.98,65.02
STN004,Africa,2023,11/5/2022,34.3,6.3,707.8,16.7,68.6,1004.4,1522.9,397.5,0.76,97.2,0.9,243.89
STN001,North America,2023,1/7/2023,33.9,16.5,207.4,8.5,74.8,987,1580.5,397.4,0.53,98.6,0.97,36.51
STN004,Africa,2023,1/7/2023,32.3,5.8,892.9,13.6,41.7,1001.2,1788.5,388.5,0.66,99.4,0.95,217.41
STN004,Africa,2023,1/7/2023,38.1,11.5,399.5,19.4,57.2,1019.2,1874.7,414.3,0.72,90.8,0.93,229.13
STN001,North America,2023,1/7/2023,20.1,6.3,486.4,11.4,75.1,991.4,2206.1,403.6,0.56,96.1,0.89,135.13
STN003,Asia,2023,1/7/2023,25.5,11.1,896.4,19.8,56.7,995.1,2454.4,402.7,0.8,98.9,0.91,180.28
STN004,Africa,2023,1/7/2023,39.1,16,1157,5.1,42.6,991.5,1503.3,393.1,0.76,95.1,0.87,79.42
STN002,Europe,2023,5/5/2023,36.9,17.5,1028.6,9.9,78.3,987.6,1821.5,399,0.95,86.8,0.77,183.2
STN003,Asia,2023,10/8/2023,21.4,18.9,828.5,10,52.4,993,2058.6,408,0.89,98.2,0.94,63.32
STN002,Europe,2023,1/7/2023,40.1,21.9,241.6,9.5,53,996.6,2212.3,387.3,0.85,89.4,0.88,110.64
STN001,North America,2023,1/7/2023,22.7,21,570.4,19.8,40.4,992.5,1743.6,402.3,0.97,82.4,0.9,222.52
STN003,Asia,2023,10/11/2023,43.7,9.7,609.4,17.1,50.1,993.9,2192.8,387.9,0.52,87.3,0.89,107.7
STN001,North America,2023,10/11/2023,36,16.5,212.8,13.7,42.1,998.5,1631.5,403.4,0.77,80.1,0.7,195.31
STN003,Asia,2023,4/12/2023,40,18.4,588.3,13.5,60.1,1021.6,1347.1,419.1,0.72,80.5,0.98,24.39
STN003,Asia,2023,4/12/2023,24.7,11.1,958.8,18.3,47.8,1007.8,1031.1,382.3,0.98,92.7,0.8,207.39
STN004,Africa,2023,7/3/2023,32.9,16.1,545.1,12,46.2,992.3,1531.3,414.2,0.6,84.8,0.85,186.88
STN001,North America,2023,3/3/2023,33.9,16.5,207.4,8.5,74.8,987,1580.5,397.4,0.53,98.6,0.97,242.17
STN003,Asia,2023,3/3/2023,40,18.4,588.3,13.5,60.1,1021.6,1347.1,419.1,0.72,80.5,0.98,13.51
STN003,Asia,2023,3/3/2023,43.7,9.7,609.4,17.1,50.1,993.9,2192.8,387.9,0.52,87.3,0.89,241.24
STN003,Asia,2023,2/1/2023,34.1,12.2,930.2,15.3,40.9,997.1,1080.8,413.1,0.91,89.9,0.73,194.34
STN004,Africa,2023,2/1/2023,32.9,16.1,545.1,12,46.2,992.3,1531.3,414.2,0.6,84.8,0.85,233.41
STN004,Africa,2023,2/1/2023,32.8,9.3,377.1,6.8,68.9,996.8,1137.3,389.5,0.93,92.8,0.76,192.96
STN001,North America,2023,1/1/2023,36,16.5,212.8,13.7,42.1,998.5,1631.5,403.4,0.77,80.1,0.7,99.13
STN004,Africa,2023,9/3/2023,32.9,16.1,545.1,12,46.2,992.3,1531.3,414.2,0.6,84.8,0.85,166.03
STN001,North America,2023,9/3/2023,20.1,6.3,486.4,11.4,75.1,991.4,2206.1,403.6,0.56,96.1,0.89,133.99
STN003,Asia,2023,9/9/2023,23.6,11.2,749.7,16.4,53.1,984.7,1950.4,384,0.84,97.9,0.97,114.69
STN003,Asia,2023,10/3/2023,34.1,12.2,930.2,15.3,40.9,997.1,1080.8,413.1,0.91,89.9,0.73,122.94
STN001,North America,2023,1/1/2023,20.7,6.5,764.5,13.9,75,1028.6,1963.7,391.6,0.64,85.7,0.78,4.68
STN001,North America,2023,1/1/2023,28.7,20.9,277.3,6.1,49.9,1004.6,2002.6,407.2,0.92,95.2,0.85,182.24
STN003,Asia,2023,2/7/2023,33.2,13.8,924.3,17.4,75.7,995.2,1208.5,394.9,0.59,95.4,0.89,181.08
STN001,North America,2023,2/7/2023,37.8,14.9,829.1,12.4,79.1,998.8,1992.4,389,0.89,93.4,0.78,54.09
STN001,North America,2023,2/7/2023,20.1,6.3,486.4,11.4,75.1,991.4,2206.1,403.6,0.56,96.1,0.89,244.98
STN001,North America,2023,2/7/2023,28.7,20.9,277.3,6.1,49.9,1004.6,2002.6,407.2,0.92,95.2,0.85,142.28
STN004,Africa,2023,6/1/2023,32.3,5.8,892.9,13.6,41.7,1001.2,1788.5,388.5,0.66,99.4,0.95,5.4
STN004,Africa,2023,7/8/2023,39.1,16,1157,5.1,42.6,991.5,1503.3,393.1,0.76,95.1,0.87,102.74
STN004,Africa,2023,4/1/2023,32.2,6.4,881.8,19.6,56.4,1007.3,1963.2,406.6,0.95,82.2,0.97,106.32
STN001,North America,2023,4/1/2023,29.1,20.3,799.2,17.6,67.5,1020.6,1227.7,381,0.54,90.4,0.8,184.92
STN002,Europe,2023,4/1/2023,23.3,18.4,499.7,11.5,43.1,980.1,1376.7,389.2,0.75,97.9,0.73,181.78
STN004,Africa,2023,4/1/2023,32.9,16.1,545.1,12,46.2,992.3,1531.3,414.2,0.6,84.8,0.85,243.25
STN001,North America,2023,4/1/2023,22.7,21,570.4,19.8,40.4,992.5,1743.6,402.3,0.97,82.4,0.9,184.02
STN003,Asia,2023,4/1/2023,33.8,13.7,434.5,18.8,42.8,1014.6,1481,411.9,0.68,84.8,0.89,222.1
STN002,Europe,2023,11/1/2023,39.5,6.5,291.3,11.2,79.9,986.3,1419.7,386.1,0.76,88.6,0.82,90.84
STN001,North America,2023,11/1/2023,28.2,15.2,663.3,11.5,51.2,1026.9,1099.9,386.3,0.8,84.6,0.86,30
STN004,Africa,2023,11/1/2023,34.8,14,363.3,10.8,74.4,1015.3,1468.1,411,0.56,94.6,0.75,45.17
STN001,North America,2023,11/1/2023,42.1,15.5,616.4,14.4,66.9,990.5,1764.8,416.1,0.58,86.2,0.73,37.31
STN004,Africa,2023,5/5/2023,30.7,17.8,800.1,10.8,40.5,985.8,1991.6,397.5,0.96,86.5,0.77,11.95
STN002,Europe,2023,5/5/2023,44.5,18.7,868.2,9.5,44.8,1007.7,1848.4,419.8,0.64,85,0.87,204.11
STN004,Africa,2024,5/5/2023,35.4,22.5,1112.7,8.4,50.5,992.7,1605.5,386,0.98,94.3,0.7,111.84
STN003,Asia,2024,5/5/2023,22.4,22.1,1058.1,15.9,71.4,983.9,1717.4,405.6,0.53,94.6,0.8,142.01
STN002,Europe,2024,12/7/2024,44.5,18.7,868.2,9.5,44.8,1007.7,1848.4,419.8,0.64,85,0.87,243.77
STN004,Africa,2024,12/7/2024,30.7,17.8,800.1,10.8,40.5,985.8,1991.6,397.5,0.96,86.5,0.77,87.09
STN003,Asia,2024,12/7/2024,31.1,17,775.4,6,69.8,1018.3,1464.6,392.2,0.8,85.8,0.73,224.33
STN004,Africa,2024,12/7/2024,30.3,15,563,16.5,45.7,989.8,1507.8,418.2,0.59,89.9,0.75,239.49
STN003,Asia,2024,12/7/2024,34.1,12.2,930.2,15.3,40.9,997.1,1080.8,413.1,0.91,89.9,0.73,207.36
STN002,Europe,2024,3/11/2024,20.7,24,255.3,9.4,46,1001.7,1656.2,391.5,0.52,81.5,0.77,67.22
STN002,Europe,2024,3/11/2024,23.3,18.4,499.7,11.5,43.1,980.1,1376.7,389.2,0.75,97.9,0.73,61.39
STN002,Europe,2024,3/11/2024,20.2,12.5,1006,19.8,52,991.2,1875.2,386.7,0.98,92.5,0.89,80.42
STN004,Africa,2024,3/11/2024,37,24,294.9,12.4,62.6,980.9,2158.9,395.2,0.86,84.8,0.92,185.41
STN002,Europe,2024,11/9/2024,40.1,21.9,241.6,9.5,53,996.6,2212.3,387.3,0.85,89.4,0.88,93.19
STN002,Europe,2024,11/9/2024,20.2,12.5,1006,19.8,52,991.2,1875.2,386.7,0.98,92.5,0.89,138.59
STN003,Asia,2024,8/3/2024,34.1,12.2,930.2,15.3,40.9,997.1,1080.8,413.1,0.91,89.9,0.73,37.1
STN001,North America,2024,11/9/2024,37.8,14.9,829.1,12.4,79.1,998.8,1992.4,389,0.89,93.4,0.78,137.9
STN002,Europe,2024,8/3/2024,44.6,17.7,761.2,10.1,52.7,1008.2,1735.2,388.2,0.57,92.7,0.73,224.86
STN004,Africa,2024,8/3/2024,44.5,18.3,800.8,19.9,56.2,988.2,2429,407.2,0.89,84.4,0.91,83.35
STN002,Europe,2024,8/3/2024,41.8,20.9,277,10.5,61.1,988.3,1296.4,403.1,0.89,85,0.9,195.91
STN002,Europe,2024,2/8/2024,28.4,16.3,693.7,20,50.7,1019.2,2134,415.2,0.58,86.5,0.95,219.44
STN002,Europe,2024,2/8/2024,24.3,16,821.8,19.3,51.5,1025.8,1164.4,390.6,0.99,85.6,0.89,200.02
STN002,Europe,2024,2/8/2024,20.2,12.5,1006,19.8,52,991.2,1875.2,386.7,0.98,92.5,0.89,183.34
STN003,Asia,2024,2/8/2024,24.7,11.1,958.8,18.3,47.8,1007.8,1031.1,382.3,0.98,92.7,0.8,140.75
STN003,Asia,2024,2/8/2024,27.1,7.5,625.8,12.8,44.8,997.4,1696.9,393.1,0.85,99.7,0.76,175.31
STN002,Europe,2024,2/8/2024,20.2,12.5,1006,19.8,52,991.2,1875.2,386.7,0.98,92.5,0.89,120.77
STN004,Africa,2024,2/8/2024,44.5,18.3,800.8,19.9,56.2,988.2,2429,407.2,0.89,84.4,0.91,223.07
STN001,North America,2024,2/8/2024,38.2,24.9,855.2,10.3,75.1,1000,1616.4,392.3,0.69,97.3,0.81,156.35
STN002,Europe,2024,1/4/2024,26.8,9,707.8,7.4,69.6,995.1,1371.7,393.7,0.83,88.5,0.7,105.82
STN003,Asia,2024,1/4/2024,24.7,11.1,958.8,18.3,47.8,1007.8,1031.1,382.3,0.98,92.7,0.8,221.32
STN003,Asia,2024,1/4/2024,34.1,12.2,930.2,15.3,40.9,997.1,1080.8,413.1,0.91,89.9,0.73,64.01
STN004,Africa,2024,1/4/2024,30.7,17.8,800.1,10.8,40.5,985.8,1991.6,397.5,0.96,86.5,0.77,244.94
STN001,North America,2024,1/4/2024,28.2,15.2,663.3,11.5,51.2,1026.9,1099.9,386.3,0.8,84.6,0.86,238.32
STN004,Africa,2024,1/4/2024,39.1,16,1157,5.1,42.6,991.5,1503.3,393.1,0.76,95.1,0.87,24.28
STN003,Asia,2024,1/4/2024,25.5,11.1,896.4,19.8,56.7,995.1,2454.4,402.7,0.8,98.9,0.91,128.88
STN001,North America,2024,1/4/2024,43.1,20.5,582.8,15.7,46.6,992.3,1371,398.5,0.54,81,0.97,115.27
STN003,Asia,2024,1/4/2024,32.4,14.9,1023.5,18.8,77.7,998.3,2369.7,391.4,0.66,96.4,0.73,21.59
STN004,Africa,2024,3/7/2024,35.4,22.5,1112.7,8.4,50.5,992.7,1605.5,386,0.98,94.3,0.7,71.23
STN004,Africa,2024,8/1/2024,30.5,5.1,436.5,11.3,75.7,1019.4,1693.8,397.3,0.65,82.2,0.74,116.4
STN002,Europe,2024,8/1/2024,39.5,6.5,291.3,11.2,79.9,986.3,1419.7,386.1,0.76,88.6,0.82,136.89
STN001,North America,2024,8/1/2024,42.1,15.5,616.4,14.4,66.9,990.5,1764.8,416.1,0.58,86.2,0.73,81.2
STN002,Europe,2024,11/6/2024,41.8,20.9,277,10.5,61.1,988.3,1296.4,403.1,0.89,85,0.9,16.57
STN001,North America,2024,7/3/2024,29.1,20.3,799.2,17.6,67.5,1020.6,1227.7,381,0.54,90.4,0.8,179.18
STN002,Europe,2024,8/1/2024,20.2,12.5,1006,19.8,52,991.2,1875.2,386.7,0.98,92.5,0.89,49.05
STN002,Europe,2024,8/1/2024,23,12.2,711,17.7,70.2,1018.5,2240,418.6,0.61,91.2,0.77,223.13
STN004,Africa,2024,7/3/2024,37,24,294.9,12.4,62.6,980.9,2158.9,395.2,0.86,84.8,0.92,75.64
STN001,North America,2024,7/3/2024,20.1,6.3,486.4,11.4,75.1,991.4,2206.1,403.6,0.56,96.1,0.89,140.74
STN004,Africa,2024,7/3/2024,34.6,10.9,224.2,14.7,50.6,1005.8,2341.4,396,0.9,90.1,0.82,169.73
STN002,Europe,2024,10/3/2024,34.2,20.2,1196.4,5.7,69.3,1008,1606,389,0.97,96.2,0.89,212.65
STN003,Asia,2024,3/12/2024,22.4,22.1,1058.1,15.9,71.4,983.9,1717.4,405.6,0.53,94.6,0.8,210.58
STN001,North America,2024,9/3/2024,20.1,6.3,486.4,11.4,75.1,991.4,2206.1,403.6,0.56,96.1,0.89,92.55
STN001,North America,2024,8/8/2024,36.5,24.7,354.4,13.2,47.5,991.9,1266.3,386.3,0.81,80.6,0.8,120.79
STN003,Asia,2024,8/8/2024,22.4,22.1,1058.1,15.9,71.4,983.9,1717.4,405.6,0.53,94.6,0.8,217.9
